Group,Subject,block1_bin1,block1_bin2,block1_bin3,block1_bin4,block1_bin5,block2_bin1,block2_bin2,block2_bin3,block2_bin4,block2_bin5,block3_bin1,block3_bin2,block3_bin3,block3_bin4,block3_bin5,block4_bin1,block4_bin2,block4_bin3,block4_bin4,block4_bin5,block5_bin1,block5_bin2,block5_bin3,block5_bin4,block5_bin5,block6_bin1,block6_bin2,block6_bin3,block6_bin4,block6_bin5,block7_bin1,block7_bin2,block7_bin3,block7_bin4,block7_bin5,block8_bin1,block8_bin2,block8_bin3,block8_bin4,block8_bin5,block9_bin1,block9_bin2,block9_bin3,block9_bin4,block9_bin5,block10_bin1,block10_bin2,block10_bin3,block10_bin4,block10_bin5,block11_bin1,block11_bin2,block11_bin3,block11_bin4,block11_bin5,block12_bin1,block12_bin2,block12_bin3,block12_bin4,block12_bin5,block13_bin1,block13_bin2,block13_bin3,block13_bin4,block13_bin5,block14_bin1,block14_bin2,block14_bin3,block14_bin4,block14_bin5,block15_bin1,block15_bin2,block15_bin3,block15_bin4,block15_bin5,block16_bin1,block16_bin2,block16_bin3,block16_bin4,block16_bin5,block17_bin1,block17_bin2,block17_bin3,block17_bin4,block17_bin5,block18_bin1,block18_bin2,block18_bin3,block18_bin4,block18_bin5,block19_bin1,block19_bin2,block19_bin3,block19_bin4,block19_bin5,block20_bin1,block20_bin2,block20_bin3,block20_bin4,block20_bin5,block2_offline,block3_offline,block4_offline,block5_offline,block6_offline,block7_offline,block8_offline,block9_offline,block10_offline,block11_offline,block12_offline,block13_offline,block14_offline,block15_offline,block16_offline,block17_offline,block18_offline,block19_offline,block20_offline,block1_online,block2_online,block3_online,block4_online,block5_online,block6_online,block7_online,block8_online,block9_online,block10_online,block11_online,block12_online,block13_online,block14_online,block15_online,block16_online,block17_online,block18_online,block19_online,block20_online,offline_GS,online_GS,is_learn_offline,is_learn_online
0,1,379.72727272727275,356.2307692307692,364.0,345.0,393.0833333333333,380.5,341.6875,337.75,383.26666666666665,345.5833333333333,338.3636363636364,361.2857142857143,378.6363636363636,400.1666666666667,349.92857142857144,366.3076923076923,365.53846153846155,370.07142857142856,353.85714285714283,352.92857142857144,344.42857142857144,357.3076923076923,422.27272727272725,379.9230769230769,403.0833333333333,343.3636363636364,359.0,360.9230769230769,366.35714285714283,362.1111111111111,344.15384615384613,360.3333333333333,359.57142857142856,370.3125,349.90909090909093,370.84615384615387,361.4,343.07142857142856,360.54545454545456,346.38461538461536,339.54545454545456,360.64285714285717,362.0769230769231,349.0833333333333,373.5,370.54545454545456,360.3125,398.9166666666667,363.2857142857143,329.73333333333335,346.09090909090907,344.8333333333333,312.8181818181818,349.75,368.4166666666667,334.45454545454544,341.45454545454544,336.84615384615387,326.26666666666665,333.2,349.1,357.5833333333333,351.2,361.0,359.5833333333333,359.45454545454544,342.3333333333333,340.0,344.25,352.0,341.7142857142857,345.8666666666667,334.53846153846155,358.38461538461536,397.25,335.25,361.6923076923077,360.92857142857144,381.1666666666667,367.61538461538464,352.8333333333333,350.5,353.7692307692308,355.25,343.0,328.22222222222223,330.3076923076923,322.2857142857143,326.90909090909093,348.6923076923077,335.0,346.6363636363636,355.0,330.0,342.38461538461536,322.53846153846155,327.84615384615387,322.92857142857144,323.9166666666667,317.6666666666667,-12.583333333333314,-7.21969696969694,16.379120879120876,-8.5,-59.71969696969694,-17.957264957264954,20.937062937062933,-6.839160839160797,-2.954545454545439,16.357575757575717,-33.96212121212125,15.900000000000034,-0.12878787878787534,-10.285714285714278,-62.0,-14.782051282051327,-14.777777777777771,-13.69230769230768,-19.84615384615381,13.356060606060566,-34.916666666666686,11.56493506493507,-13.379120879120876,58.65476190476187,18.747474747474712,5.755244755244803,-24.46153846153851,33.95454545454544,-40.81212121212121,22.32575757575762,-1.2545454545454504,10.483333333333292,-7.454545454545439,55.53571428571428,32.36538461538464,-9.833333333333314,20.47008547008545,7.384615384615358,-4.871794871794862,-11.351308048676463,7.680712343212337,1,0
0,3,322.5,356.15384615384613,322.57142857142856,339.0,311.90909090909093,333.45454545454544,378.6363636363636,319.84615384615387,297.0769230769231,322.0833333333333,323.0,319.7857142857143,330.7,323.1818181818182,336.1,328.1666666666667,308.0,316.6,337.84615384615387,305.875,313.27272727272725,324.4166666666667,337.15384615384613,323.54545454545456,304.1818181818182,324.90909090909093,329.1666666666667,319.0769230769231,336.2307692307692,341.0,336.3636363636364,331.5,348.53846153846155,355.61538461538464,354.64285714285717,325.5833333333333,350.6666666666667,336.15384615384613,318.1333333333333,332.72727272727275,299.75,320.72727272727275,353.44444444444446,316.8333333333333,357.0,323.45454545454544,328.64285714285717,321.7857142857143,336.0,299.64285714285717,329.2307692307692,275.25,315.3636363636364,313.8666666666667,349.5833333333333,330.5,305.1666666666667,329.0,308.7142857142857,304.3076923076923,343.8888888888889,354.8333333333333,340.61538461538464,350.1,341.0,345.0833333333333,322.53846153846155,326.3076923076923,310.6363636363636,345.9166666666667,346.3,335.7142857142857,358.3636363636364,361.3333333333333,333.25,310.9166666666667,321.45454545454544,345.38461538461536,349.07142857142856,349.0,330.27272727272725,328.8,345.9166666666667,317.15384615384613,348.0,325.45454545454544,316.5,321.90909090909093,300.0769230769231,338.7,347.0833333333333,315.38461538461536,328.5625,284.46153846153845,339.3333333333333,301.6923076923077,310.93333333333334,324.0,338.0833333333333,326.3333333333333,21.545454545454504,0.9166666666666856,-7.933333333333337,7.397727272727252,20.727272727272748,-4.636363636363626,-29.059523809523853,-32.97727272727275,-33.54545454545456,29.58791208791206,-19.083333333333314,39.58119658119659,4.083333333333314,0.38333333333332575,-22.333333333333314,-18.727272727272748,-22.54545454545456,8.383333333333326,-37.641025641025635,-10.590909090909065,-11.371212121212125,13.100000000000023,-22.291666666666686,-9.090909090909065,16.090909090909065,18.279220779220793,7.143939393939434,57.25,-23.811688311688272,20.352564102564088,-26.19230769230768,-2.888888888888914,0.8333333333333712,-13.050000000000011,38.083333333333314,17.727272727272748,13.24545454545455,-7.75,24.641025641025635,-5.046112513217784,4.98547355422356,1,0
0,4,319.0,426.42857142857144,358.6,358.5,364.8333333333333,398.0,354.75,401.5,403.07142857142856,390.5,332.8181818181818,396.9166666666667,367.8333333333333,326.85714285714283,371.53846153846155,367.5833333333333,340.0,408.3076923076923,338.35714285714283,367.0769230769231,336.3333333333333,384.1111111111111,335.5,349.53846153846155,346.2142857142857,311.9166666666667,325.61538461538464,356.85714285714283,426.45454545454544,387.8181818181818,303.0,286.0833333333333,352.72727272727275,382.3333333333333,373.75,317.2307692307692,327.2142857142857,312.5,373.6666666666667,354.5833333333333,333.3333333333333,357.2307692307692,360.1,371.6923076923077,426.72727272727275,331.6923076923077,347.5,393.6,347.14285714285717,379.4166666666667,337.0,352.5,340.61538461538464,421.27272727272725,379.6666666666667,350.3636363636364,311.06666666666666,329.6923076923077,336.2,343.3,279.25,328.8888888888889,351.1,362.4166666666667,371.6666666666667,299.72727272727275,305.3076923076923,317.7692307692308,352.72727272727275,344.64285714285717,344.54545454545456,319.0,327.8,387.7857142857143,332.54545454545456,281.3333333333333,285.5,301.85714285714283,315.5833333333333,347.5,313.90909090909093,275.7142857142857,353.6666666666667,272.44444444444446,342.54545454545456,376.0,324.53846153846155,300.2,311.4166666666667,321.7692307692308,294.9230769230769,302.6,332.14285714285717,311.0,322.45454545454544,323.0,305.61538461538464,311.3333333333333,313.35714285714283,340.9,33.166666666666686,-57.68181818181819,-3.955128205128233,-30.74358974358978,-34.29761904761904,-84.81818181818181,-56.519230769230774,-21.25,-95.03496503496507,-42.416666666666686,-29.30303030303031,-64.05000000000001,-71.93939393939394,-0.09740259740260626,-51.21212121212125,-33.590909090909065,33.45454545454544,-26.846153846153868,0.545454545454561,45.833333333333314,-7.5,38.720279720279734,-0.50641025641022,9.880952380952408,75.90151515151513,70.75,37.35256410256409,93.39393939393943,47.724358974359006,42.666666666666686,-7.063636363636363,92.41666666666669,44.91558441558442,-12.0,66.16666666666669,28.636363636363626,-54.230769230769226,27.531468531468533,17.899999999999977,-33.50471283102862,32.9244771894772,1,0
0,5,404.2,362.1333333333333,418.0769230769231,377.6923076923077,370.57142857142856,375.9,439.1333333333333,434.15384615384613,401.6666666666667,400.38461538461536,389.09090909090907,387.0769230769231,468.2857142857143,480.2307692307692,431.3333333333333,369.38461538461536,408.3333333333333,416.3076923076923,397.3333333333333,424.5833333333333,349.0,391.46153846153845,435.2142857142857,387.3076923076923,368.6666666666667,347.5,339.7692307692308,381.9166666666667,369.0833333333333,368.1666666666667,342.3076923076923,351.2142857142857,333.0769230769231,340.64285714285717,346.25,351.09090909090907,363.53846153846155,342.2307692307692,353.0,369.0,358.6666666666667,352.8666666666667,347.7142857142857,348.90909090909093,359.5,347.1666666666667,336.6666666666667,364.2,341.64285714285717,356.9230769230769,307.2307692307692,297.25,350.84615384615387,362.1818181818182,333.1666666666667,314.54545454545456,301.46153846153845,302.0,312.7692307692308,338.14285714285717,292.0,334.2142857142857,341.6923076923077,371.2142857142857,328.92857142857144,310.0,326.57142857142856,322.5,341.3076923076923,334.35714285714283,328.0,375.22222222222223,315.2142857142857,325.0769230769231,355.0,335.1666666666667,308.90909090909093,342.0,335.3076923076923,361.53846153846155,327.09090909090907,327.0833333333333,305.42857142857144,328.14285714285717,349.7142857142857,331.1111111111111,312.53846153846155,336.61538461538464,360.0833333333333,337.5,330.38461538461536,337.73333333333335,340.46153846153845,319.0833333333333,340.38461538461536,323.2307692307692,293.0833333333333,334.9166666666667,308.38461538461536,328.38461538461536,5.328571428571422,-11.293706293706293,-61.948717948717956,-75.58333333333331,-21.166666666666686,-25.858974358974365,4.840909090909065,-10.333333333333314,-12.333333333333314,-49.69230769230768,-18.621212121212125,-46.14285714285717,-18.928571428571445,-6.357142857142833,-19.833333333333314,-34.44755244755248,-18.603174603174637,-7.115384615384642,-17.153846153846132,-33.62857142857143,24.48461538461538,42.24242424242425,55.198717948717956,19.666666666666686,20.666666666666686,3.942307692307679,17.909090909090935,0.8333333333333144,9.75641025641022,25.93589743589746,23.597402597402606,36.928571428571445,24.357142857142833,27.0,26.37179487179486,22.623376623376657,6.388888888888914,10.0,5.153846153846132,-23.433893007577222,18.47142912642913,1,0
0,6,340.0833333333333,342.3076923076923,327.53333333333336,339.61538461538464,356.54545454545456,339.3333333333333,370.45454545454544,372.54545454545456,371.8333333333333,376.92857142857144,344.09090909090907,310.375,368.09090909090907,364.4,367.85714285714283,339.0,329.3125,352.1818181818182,357.46153846153845,347.3333333333333,342.8333333333333,366.09090909090907,344.3333333333333,349.38461538461536,352.2,386.6666666666667,394.06666666666666,449.73333333333335,436.5,431.0,373.15384615384613,359.3636363636364,359.1333333333333,369.2,356.92857142857144,317.35714285714283,330.6923076923077,380.5,357.7692307692308,337.07142857142856,355.15384615384613,380.2307692307692,357.9230769230769,368.3076923076923,392.6923076923077,363.35714285714283,357.0,378.38461538461536,393.6666666666667,357.9166666666667,336.09090909090907,346.6923076923077,355.5,365.3333333333333,367.84615384615387,399.5833333333333,366.6666666666667,397.0,379.0,393.2,326.2,340.6923076923077,365.42857142857144,358.3333333333333,360.625,315.61538461538464,319.8,326.15384615384613,343.90909090909093,361.6666666666667,313.8181818181818,329.5833333333333,360.0769230769231,344.27272727272725,379.42857142857144,299.46153846153845,326.22222222222223,348.07142857142856,369.0,329.3,331.9166666666667,337.0769230769231,334.84615384615387,340.54545454545456,354.1,332.3333333333333,340.2,342.8666666666667,344.75,363.75,330.45454545454544,336.75,343.09090909090907,333.42857142857144,337.4,354.72727272727275,353.25,361.3636363636364,342.0833333333333,349.8333333333333,-17.212121212121247,-32.83766233766238,-28.857142857142833,-4.5,34.4666666666667,-57.84615384615387,-39.57142857142861,18.082417582417577,-29.335164835164846,-21.82575757575762,31.737179487179446,-67.0,-45.00961538461536,-47.84848484848487,-79.96703296703299,2.6166666666666742,-21.76666666666671,-33.29545454545456,17.32727272727277,16.462121212121247,37.59523809523813,23.766233766233768,8.333333333333314,9.366666666666674,44.333333333333314,-16.225274725274687,19.714285714285722,37.53846153846155,-5.440476190476147,31.755244755244803,-6.383333333333326,34.42500000000001,46.051282051282044,65.61038961038963,29.83846153846156,22.183333333333337,31.416666666666686,6.945454545454538,-4.893939393939434,-22.24434118513067,21.619624125874136,1,0
0,8,289.9230769230769,277.45454545454544,286.46153846153845,322.0,349.27272727272725,320.7,301.5,291.46153846153845,358.5,356.1666666666667,305.15384615384613,300.84615384615387,372.6666666666667,320.2307692307692,378.4,336.72727272727275,334.4166666666667,363.0,372.35714285714283,331.25,330.3333333333333,333.6666666666667,325.4166666666667,330.53333333333336,349.6923076923077,333.875,377.0,327.5833333333333,343.3333333333333,307.6666666666667,319.1666666666667,322.6923076923077,313.1666666666667,361.25,319.2857142857143,317.7,326.1,310.6,296.09090909090907,400.45454545454544,325.9166666666667,325.0769230769231,291.38461538461536,339.9166666666667,328.0,339.8181818181818,322.5,335.8333333333333,299.90909090909093,353.9230769230769,337.72727272727275,326.3,358.0,332.46666666666664,331.7142857142857,287.8181818181818,316.7,339.53846153846155,308.6666666666667,327.72727272727275,302.8333333333333,290.0769230769231,308.38461538461536,335.9,355.6666666666667,298.0,321.0,319.2142857142857,310.57142857142856,292.7142857142857,311.1818181818182,322.6,327.0769230769231,376.14285714285717,323.1,298.7,311.27272727272725,316.4166666666667,316.85714285714283,326.9166666666667,332.9,337.46153846153845,361.09090909090907,328.84615384615387,353.75,291.0,323.5,316.0769230769231,345.4,336.6666666666667,334.55555555555554,324.38461538461536,325.5,330.92857142857144,337.5,338.8181818181818,330.93333333333334,328.5,336.84615384615387,337.4166666666667,-28.572727272727263,-51.012820512820554,-41.67272727272723,-0.9166666666666856,-15.81730769230768,11.5,-1.585714285714289,-74.53787878787875,11.818181818181813,-16.195804195804158,-43.89610389610391,-24.893939393939434,-57.666666666666686,18.467532467532465,-24.400000000000034,5.983333333333292,-62.75,-2.1111111111111427,1.318181818181813,59.34965034965035,35.4666666666667,73.24615384615385,-5.477272727272748,19.358974358974365,-26.208333333333314,0.11904761904759198,82.75454545454545,2.0833333333333144,14.104895104895093,-6.0129870129870255,39.909090909090935,52.83333333333337,-5.285714285714278,11.918181818181836,28.216666666666697,20.850000000000023,45.666666666666686,2.944444444444457,-1.4015151515151274,-20.891696753538866,22.22179140304141,1,0
0,9,271.75,268.7142857142857,273.7692307692308,300.7,284.3636363636364,281.84615384615387,260.53846153846155,279.72727272727275,261.26666666666665,300.22222222222223,269.0,290.0,280.84615384615387,287.53846153846155,277.2142857142857,255.72727272727272,272.14285714285717,280.25,277.35714285714283,293.0,273.75,273.7857142857143,282.4,271.61538461538464,253.77777777777777,246.5,272.1818181818182,280.42857142857144,294.38461538461536,275.9166666666667,274.57142857142856,265.46153846153845,284.4,303.35714285714283,284.45454545454544,269.5833333333333,297.0769230769231,264.5,277.8181818181818,273.8181818181818,297.8181818181818,309.1666666666667,260.07142857142856,273.6666666666667,281.44444444444446,280.6923076923077,268.0,266.7857142857143,286.84615384615387,255.41666666666666,261.5,271.2,276.1333333333333,278.5,284.3333333333333,284.44444444444446,267.7142857142857,274.14285714285717,269.3076923076923,262.3333333333333,260.0,270.22222222222223,280.0,284.0,303.0,267.6666666666667,257.375,279.8666666666667,268.85714285714283,261.25,287.9166666666667,292.61538461538464,263.6666666666667,272.15384615384613,287.09090909090907,271.4,299.27272727272725,279.46153846153845,280.46153846153845,272.0,262.0,269.1333333333333,293.8,250.6153846153846,290.0,270.2,274.64285714285717,266.2,306.6,279.0833333333333,269.1666666666667,261.0,252.4,286.9230769230769,274.15384615384613,295.1,289.14285714285717,268.84615384615387,262.7692307692308,290.0,-2.517482517482506,-31.22222222222223,-21.487012987013003,-19.25,-7.2777777777777715,-1.3452380952381304,-14.871212121212125,24.0,-0.7521367521367779,6.083333333333343,0.11111111111114269,-2.3333333333333144,-35.333333333333314,26.666666666666686,-15.690909090909088,-10.0,-19.80000000000001,-9.916666666666629,20.94615384615389,12.613636363636374,18.37606837606836,8.214285714285722,37.27272727272728,-19.97222222222223,29.416666666666686,9.883116883116884,4.234848484848499,-16.373737373737356,-25.275641025641022,22.833333333333314,-22.111111111111143,43.0,-6.416666666666686,-0.8257575757576205,0.6000000000000227,28.0,8.883333333333326,4.987179487179446,-5.100000000000023,-5.9994768389505175,6.612002997002992,1,0
0,10,327.53846153846155,339.0,348.6363636363636,320.7,354.27272727272725,319.7,325.38461538461536,342.1666666666667,376.6923076923077,375.45454545454544,330.0769230769231,344.90909090909093,391.44444444444446,365.6923076923077,358.61538461538464,321.6923076923077,383.90909090909093,410.7,374.4,406.4,319.55555555555554,379.5,354.0769230769231,347.7692307692308,359.61538461538464,324.5,373.0,374.3333333333333,384.0,398.2857142857143,306.9166666666667,326.57142857142856,367.0,330.6666666666667,348.0,295.9166666666667,328.0,353.2,398.8333333333333,375.8181818181818,351.25,338.1666666666667,350.2,385.5,388.5833333333333,323.53846153846155,359.90909090909093,342.35714285714283,357.4166666666667,375.2857142857143,330.09090909090907,314.5,321.0,373.1818181818182,366.6666666666667,315.54545454545456,325.07142857142856,308.8888888888889,348.7857142857143,348.7142857142857,299.54545454545456,312.3076923076923,331.92857142857144,360.25,346.0833333333333,299.0833333333333,338.0,368.4166666666667,348.73333333333335,323.9166666666667,322.61538461538464,345.14285714285717,291.3333333333333,317.84615384615387,368.75,302.9230769230769,346.54545454545456,326.64285714285717,339.26666666666665,328.9166666666667,290.0,351.0833333333333,331.3076923076923,353.2,324.53846153846155,293.7142857142857,340.93333333333334,345.3333333333333,314.4,335.7142857142857,320.8333333333333,276.1818181818182,329.7857142857143,309.8,320.8333333333333,316.27272727272725,325.09090909090907,323.27272727272725,301.9,336.7692307692308,-34.57272727272726,-45.377622377622345,-36.92307692307696,-86.84444444444443,-35.11538461538464,-91.36904761904759,-52.083333333333314,-24.568181818181813,-65.04487179487177,-45.19480519480521,-51.121212121212125,-49.16883116883116,-47.0,-1.301282051282044,-65.8269230769231,-38.916666666666686,-30.824175824175825,-14.880952380952408,-4.560606060606062,26.734265734265705,55.75454545454545,28.538461538461547,84.7076923076923,40.0598290598291,73.78571428571428,41.083333333333314,79.90151515151513,37.333333333333314,51.74725274725273,36.57575757575762,33.16883116883116,46.53787878787875,24.83333333333337,46.13461538461536,25.99358974358978,34.53846153846155,42.0,0.0,20.49650349650352,-43.19442867074447,41.4962456987457,1,0
0,11,459.61538461538464,412.38461538461536,485.46666666666664,476.07142857142856,507.8333333333333,493.54545454545456,416.44444444444446,471.4166666666667,532.3,628.8,452.2,492.06666666666666,526.6153846153846,520.0769230769231,492.6923076923077,427.0833333333333,598.0,500.0,522.0833333333334,548.3333333333334,431.15384615384613,470.15384615384613,485.3333333333333,557.5,488.8,423.1818181818182,426.2142857142857,431.2857142857143,458.07142857142856,419.15384615384613,462.8,421.5,496.5,465.15384615384613,483.45454545454544,369.44444444444446,416.3076923076923,424.15384615384613,450.0833333333333,554.0,473.15384615384613,491.61538461538464,434.8181818181818,425.57142857142856,477.3333333333333,475.3,449.6363636363636,443.0,399.8181818181818,464.85714285714283,604.0,668.0,667.8461538461538,526.2857142857143,563.6153846153846,380.7,397.53333333333336,434.0769230769231,527.3333333333334,528.7272727272727,454.1818181818182,500.90909090909093,529.4166666666666,537.75,460.15384615384613,411.5833333333333,437.7857142857143,522.75,482.3333333333333,502.1666666666667,394.6666666666667,397.84615384615387,490.53846153846155,466.0,450.9166666666667,404.22222222222223,457.5,444.92857142857144,490.45454545454544,436.1333333333333,388.7,436.54545454545456,416.4166666666667,425.1666666666667,528.0833333333334,380.3333333333333,380.3333333333333,431.7692307692308,409.2,430.1,339.22222222222223,329.45454545454544,418.5833333333333,418.6923076923077,416.07142857142856,412.38461538461536,440.46666666666664,506.5,486.46153846153845,455.7857142857143,-14.287878787878753,-176.59999999999997,-65.60897435897436,-117.17948717948724,-65.61818181818182,43.64615384615388,-114.01010101010098,-80.84615384615387,-2.033333333333303,139.14285714285717,-182.91538461538465,-74.54545454545456,-48.57051282051282,-107.5,-46.69444444444446,-47.43333333333334,-147.75000000000006,-90.8777777777778,-3.686813186813197,48.21794871794867,135.2545454545454,40.49230769230769,121.25000000000006,57.64615384615388,-4.027972027972055,20.654545454545428,184.55555555555554,4.179487179487182,-10.442857142857179,-40.38461538461536,148.02727272727276,5.972027972027945,90.58333333333337,56.25,31.911111111111097,139.38333333333338,49.76666666666671,76.84920634920633,43.40109890109892,-63.33520105625369,59.976957486957495,1,0
0,12,396.7692307692308,382.3333333333333,387.4166666666667,390.15384615384613,396.93333333333334,354.0769230769231,425.61538461538464,351.90909090909093,351.0,338.2857142857143,344.0833333333333,394.57142857142856,385.92857142857144,350.15384615384613,430.6666666666667,363.0833333333333,375.73333333333335,406.06666666666666,402.7692307692308,410.0,360.1111111111111,365.72727272727275,357.6363636363636,355.25,346.0,346.8181818181818,369.1875,365.0,417.57142857142856,380.7142857142857,350.3,343.53846153846155,416.0769230769231,424.6666666666667,373.7857142857143,334.90909090909093,367.8333333333333,348.4166666666667,394.61538461538464,377.1111111111111,347.38461538461536,332.6666666666667,401.6923076923077,357.6363636363636,434.7692307692308,383.25,418.7,377.5833333333333,371.09090909090907,403.3333333333333,371.1666666666667,351.0,364.6923076923077,346.8666666666667,375.25,319.72727272727275,341.5,390.53846153846155,350.9230769230769,371.0,322.42857142857144,322.15384615384613,348.9,340.375,370.375,311.5,319.7142857142857,354.73333333333335,341.0,374.45454545454544,337.53846153846155,388.2142857142857,447.3636363636364,455.6923076923077,389.45454545454544,338.6666666666667,364.2142857142857,406.46153846153845,394.1818181818182,453.0,384.3333333333333,373.44444444444446,407.0769230769231,385.875,252.55555555555554,335.3333333333333,356.07142857142856,332.09090909090907,299.6666666666667,317.6666666666667,317.5,347.8,347.8,400.72727272727275,378.7692307692308,340.0769230769231,367.38461538461536,301.0,311.3333333333333,325.55555555555554,-42.85641025641024,5.797619047619037,-67.58333333333337,-49.888888888888914,0.818181818181813,-30.41428571428571,-38.87662337662334,-29.726495726495727,-51.519230769230774,-32.16666666666663,-55.52272727272725,-48.571428571428555,-58.875,-36.91608391608389,-50.78787878787875,-68.66666666666669,82.77777777777777,-0.16666666666668561,-38.69230769230768,0.16410256410256352,-15.791208791208817,86.58333333333337,46.916666666666686,-14.111111111111086,33.89610389610391,23.485714285714266,42.20202020202015,87.38461538461542,20.083333333333314,4.083333333333314,51.27272727272725,47.946428571428555,62.95454545454544,51.91608391608389,114.33333333333331,-131.77777777777777,-17.66666666666663,61.269230769230774,-14.521367521367551,-32.20195345590082,27.03117202242202,1,0
0,13,345.6,387.4,347.75,361.1818181818182,354.8125,327.6363636363636,341.0,342.0,334.22222222222223,337.3076923076923,328.0,342.0,352.5,346.26666666666665,320.7142857142857,289.54545454545456,349.84615384615387,347.25,326.5833333333333,338.5833333333333,310.1,300.61538461538464,345.4166666666667,323.61538461538464,344.4,317.46153846153845,318.6666666666667,342.6923076923077,339.0625,386.57142857142856,327.0,325.1666666666667,323.7142857142857,340.15384615384613,311.1666666666667,297.0,320.09090909090907,368.46153846153845,333.0833333333333,332.4,338.9166666666667,308.7692307692308,356.7692307692308,311.5,329.8333333333333,307.75,337.75,321.0,340.0,382.6,286.55555555555554,357.7,334.53846153846155,344.35714285714283,342.27272727272725,302.5833333333333,289.9230769230769,299.14285714285717,328.6666666666667,336.5,297.22222222222223,336.4166666666667,350.0,328.9166666666667,341.0,298.1818181818182,354.09090909090907,321.8333333333333,334.2307692307692,346.9230769230769,332.9166666666667,327.3333333333333,338.46666666666664,321.5,340.6923076923077,299.5,314.38461538461536,333.75,334.8,325.92857142857144,303.6666666666667,340.61538461538464,353.9230769230769,350.5,350.84615384615387,322.27272727272725,343.57142857142856,339.4166666666667,300.9230769230769,375.1818181818182,312.8181818181818,308.9230769230769,304.9230769230769,313.7142857142857,349.53846153846155,292.27272727272725,327.15384615384613,295.1666666666667,331.5,342.3636363636364,-27.176136363636374,-9.30769230769232,-31.16883116883116,-28.48333333333329,-26.938461538461524,-59.571428571428555,-14.166666666666686,6.516666666666708,-22.083333333333314,-96.04444444444448,-39.68939393939394,-39.27777777777777,-42.81818181818181,-14.00641025641022,-41.19230769230768,-22.26190476190476,-28.573426573426616,-62.363636363636374,-57.265734265734295,9.212499999999977,9.671328671328695,-7.285714285714278,49.03787878787875,34.299999999999955,69.1098901098901,-15.833333333333314,35.39999999999998,-9.083333333333371,74.85000000000002,55.71717171717171,33.916666666666686,43.77777777777777,48.74125874125872,7.775641025640994,26.428571428571445,47.17948717948718,52.909090909090935,36.720279720279734,50.09090909090912,-34.51960181631234,32.63180354367854,1,0
0,14,442.6363636363636,416.85714285714283,427.5,405.42857142857144,445.6923076923077,389.64285714285717,430.1818181818182,470.1818181818182,404.9230769230769,449.2142857142857,446.2307692307692,439.35714285714283,435.09090909090907,426.5,421.9230769230769,431.15384615384613,432.2307692307692,423.53846153846155,398.15384615384613,425.25,449.27272727272725,413.2142857142857,419.92857142857144,427.06666666666666,410.2857142857143,397.7857142857143,377.0833333333333,381.5,418.0,452.9375,385.2307692307692,418.2307692307692,400.35714285714283,415.5833333333333,442.42857142857144,435.0,413.9230769230769,441.0625,399.3333333333333,391.42857142857144,393.25,418.6923076923077,440.14285714285717,424.7142857142857,439.1666666666667,401.8333333333333,386.53846153846155,400.38461538461536,407.42857142857144,376.8125,359.75,355.3636363636364,358.3333333333333,369.46153846153845,405.25,374.8,359.5,364.0,358.15384615384613,396.9230769230769,364.8333333333333,364.1333333333333,382.0,405.0833333333333,365.35714285714283,378.0,393.3076923076923,385.9230769230769,381.3333333333333,427.1818181818182,382.38461538461536,386.5833333333333,360.25,368.3333333333333,414.5,384.3076923076923,392.6363636363636,399.5,384.25,398.2142857142857,367.3076923076923,398.53846153846155,388.15384615384613,414.2307692307692,382.53846153846155,367.2857142857143,389.06666666666666,379.6923076923077,373.4166666666667,391.3333333333333,434.7692307692308,381.5833333333333,358.61538461538464,403.4166666666667,394.0833333333333,357.9230769230769,399.2857142857143,368.15384615384613,396.3,428.1666666666667,-56.04945054945051,-2.983516483516496,9.230769230769226,24.022727272727252,-12.5,-67.70673076923077,-7.428571428571445,1.8214285714285552,-37.33333333333337,-17.0625,-30.44999999999999,-32.08974358974359,12.642857142857167,-44.79720279720283,-30.19230769230768,-30.9065934065934,-15.25274725274727,43.43589743589746,-36.16025641025641,3.055944055944053,59.571428571428555,-24.30769230769232,-5.903846153846132,-38.987012987012974,55.15178571428572,57.19780219780222,-43.571428571428555,45.916666666666686,-25.020833333333314,45.5,22.123076923076894,0.5238095238095184,49.18181818181819,32.11538461538464,13.906593406593402,15.230769230769226,24.047619047619037,-40.68589743589746,70.24358974358978,-17.355751266277583,15.764478854478858,1,0
0,15,399.0,416.2307692307692,391.75,420.53333333333336,427.2142857142857,374.5,367.84615384615387,387.26666666666665,393.5,375.0,379.54545454545456,391.3333333333333,399.0,381.3076923076923,369.26666666666665,363.25,378.25,418.6923076923077,397.2,377.1666666666667,401.53846153846155,405.1333333333333,403.8666666666667,425.46153846153845,405.6923076923077,374.0,377.64285714285717,411.2307692307692,416.5833333333333,413.0,386.5,399.90909090909093,393.42857142857144,394.4,367.46153846153845,371.3636363636364,392.09090909090907,411.14285714285717,379.5,401.85714285714283,365.4166666666667,357.6,363.2142857142857,396.3636363636364,378.2,371.5833333333333,396.92857142857144,395.7692307692308,378.0,352.4,387.0,364.53846153846155,421.85714285714283,412.6666666666667,366.46666666666664,379.2307692307692,407.0,395.7857142857143,412.0,396.8333333333333,395.25,375.0769230769231,434.46153846153845,404.0833333333333,368.84615384615387,354.45454545454544,378.0,360.26666666666665,384.61538461538464,369.5625,379.6363636363636,363.3333333333333,369.93333333333334,391.0,387.6923076923077,379.45454545454544,365.5,409.72727272727275,360.1875,395.6666666666667,379.61538461538464,382.5833333333333,388.3333333333333,422.07142857142856,366.46153846153845,398.3636363636364,367.84615384615387,365.07142857142856,422.0769230769231,378.35714285714283,368.3,379.3076923076923,407.7142857142857,417.7142857142857,402.0,352.0833333333333,361.46666666666664,401.8181818181818,387.75,365.5833333333333,-52.71428571428572,4.545454545454561,-6.0166666666666515,24.37179487179486,-31.69230769230768,-26.5,3.902097902097921,-36.44047619047615,-6.616666666666674,34.60000000000002,12.764102564102586,-1.5833333333333144,-14.391608391608429,10.073863636363626,-8.23776223776224,-16.051282051282044,31.90209790209792,-10.057142857142821,-49.916666666666686,28.214285714285722,0.5,-10.27878787878791,13.916666666666686,4.153846153846132,39.0,-19.038461538461547,30.49350649350646,12.783333333333303,-19.183333333333337,-20.53333333333336,17.602564102564088,-26.403846153846132,15.107954545454561,8.055944055944053,16.212121212121247,-13.153846153846189,-20.00649350649354,33.69999999999999,13.5,-7.266251949804574,5.232106018981011,1,0
0,16,402.4166666666667,398.73333333333335,421.0,408.85714285714283,446.42857142857144,401.125,366.92857142857144,390.0,383.15384615384613,411.6666666666667,383.0,395.4166666666667,407.2857142857143,452.72727272727275,436.0,412.6666666666667,400.84615384615387,382.06666666666666,431.54545454545456,458.7,430.9166666666667,409.54545454545456,434.0,401.0,424.73333333333335,432.25,425.15384615384613,442.8,450.46153846153845,472.64285714285717,388.0,379.2857142857143,490.15384615384613,431.27272727272725,465.1818181818182,449.9230769230769,439.3333333333333,421.8333333333333,444.25,457.0,394.25,412.4,379.9230769230769,414.92857142857144,398.2142857142857,412.25,392.2307692307692,411.625,407.6666666666667,388.35714285714283,373.92857142857144,404.4166666666667,392.07142857142856,410.85714285714283,391.3333333333333,352.72727272727275,389.375,398.2857142857143,408.84615384615387,416.4166666666667,364.0,414.77777777777777,371.0,399.6923076923077,409.84615384615387,387.3333333333333,389.73333333333335,391.64285714285717,405.92857142857144,394.7692307692308,398.9166666666667,400.38461538461536,399.26666666666665,394.6923076923077,394.7142857142857,420.1818181818182,385.9230769230769,394.54545454545456,374.7692307692308,386.26666666666665,378.7857142857143,390.92857142857144,406.93333333333334,409.2142857142857,393.8181818181818,365.90909090909093,414.1,419.2857142857143,365.15384615384613,402.5,397.0,420.09090909090907,382.42857142857144,388.6666666666667,391.8333333333333,400.09090909090907,413.9,379.35714285714283,376.7142857142857,380.14285714285717,-45.303571428571445,-28.666666666666686,-23.333333333333314,-27.783333333333303,7.5166666666666515,-84.64285714285717,-15.258741258741281,-62.75,14.035714285714278,-14.428571428571388,-38.606060606060566,-52.416666666666686,-22.512820512820554,4.147435897435912,25.467532467532465,-7.480952380952374,-27.909090909090878,-5.5,8.25757575757575,44.01190476190476,10.541666666666686,53.0,46.0333333333333,-6.183333333333337,40.39285714285717,77.18181818181819,7.076923076923094,3.9642857142857224,-23.892857142857167,17.40476190476187,63.68939393939394,45.84615384615387,7.435897435897459,-4.202380952380963,-33.915151515151535,15.032467532467535,36.590909090909065,-5.166666666666686,-19.948051948051898,-20.903565294354767,18.744696553446552,1,0
0,17,327.5,354.73333333333335,367.5833333333333,364.5,335.0,357.6666666666667,338.46666666666664,342.85714285714283,361.8333333333333,370.2142857142857,331.8333333333333,328.1666666666667,362.61538461538464,358.53846153846155,364.8181818181818,348.1666666666667,335.0,375.46666666666664,348.42857142857144,349.5,323.5833333333333,344.85714285714283,343.84615384615387,346.53846153846155,366.38461538461536,326.45454545454544,354.4166666666667,365.0,334.07142857142856,382.07142857142856,347.14285714285717,366.7692307692308,371.1818181818182,377.14285714285717,368.0,355.3,356.72727272727275,377.8,397.61538461538464,347.26666666666665,311.0,327.45454545454544,320.5,358.7142857142857,385.8,330.3636363636364,326.8333333333333,334.14285714285717,372.25,359.73333333333335,360.8181818181818,346.25,348.45454545454544,361.53846153846155,357.3076923076923,365.0,339.2307692307692,360.27272727272725,349.90909090909093,360.9230769230769,350.3,358.5833333333333,360.38461538461536,377.38461538461536,369.0,347.4166666666667,348.6875,348.0769230769231,373.2857142857143,362.64285714285717,326.75,336.5,361.3333333333333,333.0,358.6666666666667,322.3,331.0833333333333,361.6923076923077,371.22222222222223,345.2307692307692,337.09090909090907,352.72727272727275,358.53846153846155,318.1818181818182,327.7857142857143,319.3636363636364,328.7857142857143,309.38461538461536,342.0,337.72727272727275,345.3076923076923,337.35714285714283,337.6666666666667,347.3076923076923,357.25,338.0,338.0769230769231,344.7692307692308,357.0,357.1333333333333,22.666666666666686,-38.38095238095241,-16.651515151515127,-25.916666666666686,-39.93006993006992,-34.92857142857139,-12.699999999999989,-36.26666666666665,-55.43636363636364,1.0848484848484645,7.692307692307679,-10.623076923076894,-21.583333333333314,-35.89285714285717,-36.366666666666674,-8.139860139860161,-8.422077922077904,7.580419580419573,-19.25,7.5,12.547619047619037,32.9848484848485,1.3333333333333144,42.801282051282044,55.616883116883116,20.857142857142833,-8.03333333333336,74.80000000000001,29.369696969696975,-3.510489510489492,-4.076923076923094,18.69999999999999,15.226190476190482,31.916666666666686,22.930769230769215,-9.305194805194787,18.363636363636374,11.94230769230768,19.133333333333326,-19.024443977075553,19.55488844488844,1,0
0,18,553.3,552.0833333333334,506.8333333333333,512.8181818181819,509.1818181818182,413.84615384615387,435.92857142857144,459.7692307692308,430.53333333333336,428.75,396.8,429.3333333333333,455.8125,446.7142857142857,417.26666666666665,415.1666666666667,467.6666666666667,443.3636363636364,488.1818181818182,459.2307692307692,439.4166666666667,512.3846153846154,468.38461538461536,497.0,440.6923076923077,332.38461538461536,361.3076923076923,386.8125,398.25,409.0,390.72727272727275,357.0769230769231,402.75,355.8181818181818,373.0,367.0,374.46153846153845,408.5,384.45454545454544,390.57142857142856,424.07142857142856,380.84615384615387,433.375,394.0769230769231,427.8181818181818,398.72727272727275,408.6923076923077,423.42857142857144,428.0833333333333,426.3076923076923,387.1,397.3636363636364,401.0,408.6923076923077,399.5833333333333,359.77777777777777,377.0,386.15384615384613,369.2307692307692,326.8181818181818,384.77777777777777,380.46153846153845,386.6923076923077,382.85714285714283,392.27272727272725,398.25,395.2307692307692,387.4166666666667,375.1666666666667,399.46153846153845,360.45454545454544,359.85714285714283,403.5833333333333,353.53846153846155,378.7857142857143,349.14285714285717,345.72727272727275,398.9230769230769,358.7142857142857,373.0,348.0,350.625,347.5833333333333,387.0,431.46153846153845,385.54545454545456,397.4166666666667,400.85714285714283,399.09090909090907,402.8333333333333,374.3333333333333,363.46666666666664,375.2307692307692,420.35714285714283,382.0,341.5,367.64285714285717,393.72727272727275,354.9230769230769,355.54545454545456,-95.33566433566432,-31.94999999999999,-2.099999999999966,-19.81410256410254,-108.30769230769232,-18.272727272727252,-6.0,33.5,-29.090909090909065,-39.2076923076923,-39.80555555555554,57.95959595959596,5.977272727272748,-39.006993006993014,-29.64285714285711,-25.0,-45.91608391608389,-28.5,-40.5,-44.11818181818177,14.903846153846132,20.46666666666664,44.06410256410254,1.2756410256409936,76.61538461538464,-17.727272727272748,23.571428571428555,3.746753246753258,27.580419580419573,12.483333333333292,-32.95959595959596,7.494949494949481,1.2115384615384528,18.33116883116884,23.857142857142833,83.46153846153845,17.287878787878753,7.666666666666686,14.045454545454561,-26.369126779653083,15.16294316794316,1,0
0,19,335.5,351.92857142857144,373.55555555555554,345.14285714285717,347.8,311.6666666666667,360.84615384615387,370.2,366.2142857142857,371.0,331.9166666666667,336.7142857142857,352.6363636363636,391.0,359.25,315.2307692307692,372.53846153846155,339.07142857142856,342.93333333333334,355.84615384615387,331.5,336.57142857142856,333.93333333333334,344.3076923076923,367.8,328.0769230769231,336.1818181818182,332.38461538461536,350.07142857142856,348.53846153846155,346.8,367.5,354.2,344.6666666666667,345.2142857142857,342.8181818181818,338.3333333333333,361.0,332.84615384615387,296.35714285714283,343.0769230769231,313.1666666666667,310.46666666666664,311.0,325.2307692307692,337.3636363636364,327.53846153846155,328.75,325.46153846153845,334.3636363636364,285.0769230769231,300.53333333333336,307.25,306.5,298.6,329.7,304.0,310.4,323.2142857142857,285.5,303.5,324.3333333333333,288.61538461538464,318.6666666666667,282.8333333333333,319.27272727272725,295.0,311.25,284.1333333333333,317.5625,295.61538461538464,288.46153846153845,315.5,302.8333333333333,319.27272727272725,283.0,291.0,320.9230769230769,297.61538461538464,325.8181818181818,282.8888888888889,323.85714285714283,333.15384615384613,327.7,304.53846153846155,311.46153846153845,279.1666666666667,283.0,294.42857142857144,320.4166666666667,326.5,307.0,306.375,306.2307692307692,284.53846153846155,298.38461538461536,293.38461538461536,305.5833333333333,301.07142857142856,290.07142857142856,-36.133333333333326,-39.083333333333314,-44.019230769230774,-24.346153846153868,-39.72307692307692,-1.7384615384615358,-2.3961038961039094,46.71978021978026,12.132867132867148,-49.28671328671328,31.099999999999966,18.0,36.43939393939394,-21.94711538461536,-36.27272727272725,-42.9292929292929,6.923076923076906,6.083333333333314,13.846153846153811,12.300000000000011,59.333333333333314,27.333333333333314,40.61538461538464,36.30000000000001,20.461538461538453,-1.585714285714289,-46.46103896103898,-17.846153846153868,-3.0,13.523076923076928,-44.19999999999999,-20.666666666666686,-1.710227272727252,23.65734265734261,42.81818181818181,21.649572649572633,8.955128205128233,-41.96153846153845,-8.313186813186803,-8.770049322023004,6.060118284493282,1,0
0,21,354.6666666666667,396.7857142857143,392.3125,395.9230769230769,359.73333333333335,350.61538461538464,376.75,392.5625,383.15384615384613,423.0,339.5,348.38461538461536,326.0769230769231,349.9166666666667,349.25,341.5,339.0,339.6666666666667,422.7692307692308,373.1818181818182,395.0,385.0,391.2307692307692,389.85714285714283,385.85714285714283,362.85714285714283,357.1333333333333,340.0,374.38461538461536,366.3076923076923,365.2857142857143,348.57142857142856,372.3333333333333,350.0,345.53846153846155,347.5,374.5833333333333,363.1666666666667,371.42857142857144,353.2307692307692,341.1818181818182,362.2857142857143,404.0,349.1333333333333,344.0,337.0833333333333,397.53846153846155,388.5,391.6666666666667,360.2857142857143,337.64285714285717,367.8181818181818,371.26666666666665,370.3125,360.25,340.0,359.64285714285717,374.61538461538464,367.75,398.25,349.3333333333333,327.9230769230769,384.1818181818182,347.6923076923077,331.46666666666664,325.2,323.4,333.0,339.4166666666667,350.9166666666667,344.8333333333333,351.75,335.0833333333333,339.84615384615387,359.0769230769231,338.45454545454544,353.8666666666667,358.07142857142856,360.9230769230769,379.0,351.57142857142856,347.57142857142856,353.84615384615387,371.72727272727275,380.1818181818182,334.90909090909093,354.57142857142856,317.15384615384613,336.7142857142857,364.4,315.5,318.61538461538464,332.38461538461536,344.15384615384613,351.90909090909093,353.3636363636364,317.9230769230769,342.3636363636364,311.07142857142856,335.07142857142856,-9.117948717948707,-83.5,-7.75,21.818181818181813,-23.0,-1.0219780219780432,1.9615384615384528,-12.04895104895104,-6.916666666666686,-22.64285714285711,-20.25,-48.916666666666686,-6.2666666666666515,-6.083333333333371,-20.622377622377655,-27.428571428571445,-45.27272727272725,-48.89999999999998,1.454545454545439,5.066666666666663,72.38461538461536,9.75,31.681818181818187,-9.142857142857167,3.450549450549488,-19.74725274725273,5.730769230769226,2.818181818181813,23.202380952380963,22.607142857142833,58.25,-17.866666666666674,25.716666666666697,14.24358974358978,40.54545454545456,28.610389610389632,29.490909090909042,36.409090909090935,-18.29220779220782,-19.18444625549889,17.24546203796204,1,0
0,22,459.0,492.8181818181818,511.5833333333333,468.0,480.8666666666667,421.0,415.6363636363636,441.26666666666665,419.42857142857144,430.53846153846155,417.46153846153845,425.5,415.2307692307692,411.8666666666667,456.38461538461536,414.3076923076923,413.0,419.6666666666667,422.93333333333334,398.0,422.75,393.7692307692308,403.8333333333333,439.38461538461536,427.1666666666667,398.53846153846155,405.4,397.84615384615387,429.72727272727275,420.73333333333335,391.4166666666667,389.25,415.84615384615387,416.2,420.75,420.90909090909093,406.6363636363636,421.0833333333333,422.46153846153845,441.2,412.8333333333333,395.15384615384613,440.0,456.46153846153845,419.57142857142856,385.8181818181818,398.7857142857143,449.2307692307692,428.6923076923077,420.0,438.1666666666667,404.90909090909093,431.64285714285717,403.14285714285717,460.46666666666664,343.0,383.84615384615387,370.5,362.7692307692308,409.9166666666667,430.6363636363636,420.45454545454544,418.7692307692308,430.38461538461536,420.2857142857143,362.85714285714283,381.35714285714283,435.73333333333335,410.2857142857143,402.64285714285717,425.46153846153845,408.5,436.0,413.15384615384613,419.07142857142856,406.5,452.2307692307692,446.93333333333334,448.625,414.07142857142856,415.27272727272725,423.1333333333333,424.46153846153845,390.25,435.1333333333333,403.8181818181818,402.42857142857144,460.35714285714283,465.85714285714283,425.75,397.0,415.8,447.6923076923077,409.0,377.5,397.0769230769231,386.4166666666667,381.0769230769231,388.42857142857144,414.46666666666664,-59.866666666666674,-13.076923076923094,-42.07692307692304,24.75,-28.62820512820514,-29.316666666666663,0.15909090909093493,-28.366666666666674,-33.75324675324674,18.166666666666686,-117.46666666666664,20.71969696969694,-57.428571428571445,22.818681318681286,-12.571428571428555,1.2012987012986969,-31.315151515151513,-28.75,19.576923076923094,21.866666666666674,9.538461538461547,38.923076923076906,-16.30769230769232,4.416666666666686,22.1948717948718,29.333333333333314,20.290909090909054,6.738095238095241,34.18181818181819,22.299999999999955,66.91666666666669,-10.350649350649348,39.785714285714334,-6.390109890109898,7.571428571428555,19.860606060606074,21.931818181818187,-19.5,17.389743589743546,-19.74867150393466,16.53457126207126,1,0
0,23,439.0,455.8666666666667,442.06666666666666,408.26666666666665,444.7692307692308,402.9166666666667,446.84615384615387,481.6,429.6666666666667,404.14285714285717,420.3,433.26666666666665,468.0,450.55555555555554,428.09090909090907,401.6666666666667,422.57142857142856,433.5,483.5,405.53333333333336,424.3333333333333,420.46666666666664,418.27272727272725,476.1666666666667,436.6666666666667,524.4545454545455,441.8333333333333,460.14285714285717,423.0,480.93333333333334,457.0,471.1666666666667,456.6666666666667,449.0,455.84615384615387,426.6666666666667,475.38461538461536,450.26666666666665,473.375,438.07142857142856,405.3333333333333,438.0769230769231,421.85714285714283,478.3076923076923,511.0,445.75,449.3125,433.0,461.625,438.7857142857143,424.2307692307692,437.3076923076923,455.72727272727275,451.6923076923077,445.46153846153845,391.57142857142856,426.0,508.14285714285717,435.0,384.4,383.1818181818182,373.1818181818182,469.2,473.35714285714283,439.1818181818182,367.4,381.7142857142857,399.38461538461536,436.125,422.38461538461536,345.8181818181818,451.46153846153845,390.6666666666667,435.73333333333335,410.75,349.54545454545456,409.15384615384613,368.64285714285717,402.85714285714283,417.25,342.6923076923077,421.0,429.0,434.77777777777777,401.8181818181818,397.3076923076923,401.54545454545456,398.7692307692308,430.2857142857143,442.0,367.5833333333333,381.42857142857144,355.42857142857144,361.53846153846155,422.7692307692308,361.25,382.0833333333333,390.3333333333333,412.64285714285717,436.2142857142857,-41.85256410256409,16.157142857142844,-26.42424242424238,18.799999999999955,87.78787878787881,-23.933333333333337,-29.179487179487182,-32.73809523809524,-65.25,-14.554945054945051,-53.8901098901099,-1.2181818181817903,-71.78181818181821,-76.56643356643355,-61.20454545454544,-74.55769230769232,-4.510489510489492,-74.41666666666669,-61.519230769230774,5.769230769230774,1.2261904761904816,7.790909090909054,3.8666666666666742,12.333333333333371,-43.52121212121216,-1.153846153846132,11.40476190476187,105.66666666666669,-6.964285714285722,21.230769230769226,-7.171428571428578,56.0,54.98461538461538,64.93181818181819,67.70454545454544,59.125874125874134,44.69230769230768,55.18589743589746,74.96428571428572,-31.097516518569147,29.40335497835498,1,0
1,101,301.7692307692308,305.38461538461536,309.5,316.54545454545456,337.35714285714283,291.54545454545456,296.14285714285717,326.14285714285717,333.7,329.5,341.0,320.0833333333333,335.0,355.1818181818182,333.61538461538464,298.5,313.42857142857144,281.42857142857144,298.0833333333333,294.9166666666667,276.3333333333333,307.25,322.75,320.5833333333333,310.57142857142856,305.57142857142856,301.75,327.27272727272725,307.2307692307692,328.0769230769231,307.25,293.9230769230769,296.6923076923077,328.6363636363636,310.1,323.3636363636364,293.53846153846155,320.9166666666667,300.15384615384613,331.3636363636364,301.3636363636364,314.54545454545456,292.73333333333335,349.6363636363636,334.1818181818182,315.8888888888889,303.45454545454544,338.625,299.7142857142857,317.625,317.0833333333333,319.0,339.6363636363636,328.0,339.1,322.2307692307692,327.09090909090907,332.4166666666667,327.0833333333333,325.8,331.0833333333333,315.38461538461536,319.61538461538464,332.53333333333336,319.3076923076923,304.72727272727275,325.07142857142856,326.61538461538464,325.53333333333336,300.73333333333335,305.7692307692308,353.0,339.0,340.7857142857143,352.85714285714283,296.54545454545456,321.27272727272725,304.5833333333333,316.0,315.4,280.22222222222223,315.61538461538464,331.5,323.46153846153845,319.72727272727275,325.4166666666667,335.5,349.3076923076923,344.54545454545456,317.09090909090907,291.9166666666667,320.57142857142856,331.85714285714283,353.1666666666667,335.0,325.53846153846155,285.7692307692308,320.5833333333333,312.38461538461536,323.42857142857144,-45.81168831168827,11.5,-35.11538461538464,-18.58333333333337,-5.0,-20.826923076923094,13.263636363636351,-30.0,-18.292929292929273,-0.5416666666666856,-16.869230769230796,5.283333333333303,-14.580419580419573,5.035897435897425,-56.31168831168827,-35.17777777777775,5.689393939393938,-25.17424242424238,-9.461538461538453,35.58791208791206,37.95454545454544,-7.384615384615358,-3.5833333333333144,34.23809523809524,22.50549450549454,2.8500000000000227,8.0,32.81818181818181,1.7361111111110858,22.01666666666671,3.569230769230785,-11.775641025640994,-3.9939393939393995,47.08791208791206,18.854545454545416,39.50505050505052,-8.32575757575762,43.083333333333314,-2.1098901098901024,-15.31445060787166,15.631695110445111,1,0
1,102,345.6,357.72727272727275,352.6923076923077,311.35714285714283,340.2857142857143,292.54545454545456,311.25,335.26666666666665,354.38461538461536,327.2142857142857,298.15384615384613,347.0769230769231,329.84615384615387,339.25,330.9166666666667,314.90909090909093,323.4,340.3076923076923,333.7142857142857,338.8666666666667,291.54545454545456,325.2857142857143,320.93333333333334,342.0,330.4,300.0,307.8,328.9166666666667,332.0769230769231,350.1818181818182,282.0769230769231,310.7857142857143,335.09090909090907,338.45454545454544,357.46666666666664,315.1,306.8666666666667,308.5833333333333,345.0,333.53846153846155,294.0,318.93333333333334,316.5,333.26666666666665,347.4166666666667,300.09090909090907,316.1111111111111,322.3333333333333,337.2307692307692,333.4,296.25,303.06666666666666,306.2857142857143,315.15384615384613,348.75,304.0,309.75,349.57142857142856,335.9230769230769,318.42857142857144,292.0769230769231,301.27272727272725,347.07142857142856,316.07142857142856,339.6923076923077,286.9230769230769,301.0,316.2142857142857,326.7692307692308,331.0,285.3076923076923,293.35714285714283,339.3333333333333,310.0,317.5,286.9166666666667,311.46666666666664,329.0769230769231,331.8,323.54545454545456,318.1,307.2307692307692,292.61538461538464,327.0,327.4,275.0,299.84615384615387,305.57142857142856,323.6666666666667,321.42857142857144,295.25,313.92857142857144,317.3076923076923,330.2142857142857,325.35714285714283,296.3076923076923,338.46153846153845,326.8,307.9230769230769,330.26666666666665,-47.74025974025972,-29.06043956043959,-16.00757575757575,-47.32121212121211,-30.399999999999977,-68.10489510489509,-42.36666666666662,-39.53846153846155,-47.32575757575762,-37.14999999999998,-44.75,-26.35164835164835,-52.769230769230774,-45.69230769230768,-30.583333333333314,-5.445454545454538,-52.39999999999998,-26.178571428571445,-29.049450549450512,-5.314285714285745,34.66883116883116,32.762820512820554,23.95757575757574,38.854545454545416,50.18181818181819,75.38974358974355,18.438461538461524,53.416666666666686,33.30909090909091,52.5,14.428571428571445,47.615384615384585,44.076923076923094,32.19230769230768,36.628787878787875,9.299999999999955,46.428571428571445,30.107142857142833,33.95897435897433,-37.80185603869813,35.14509657009656,1,0
1,103,450.1666666666667,428.55555555555554,441.77777777777777,465.42857142857144,418.0,411.42857142857144,395.25,421.35714285714283,450.2857142857143,420.9230769230769,401.0769230769231,455.45454545454544,397.57142857142856,409.8333333333333,443.14285714285717,401.09090909090907,397.2307692307692,378.7142857142857,336.5,343.57142857142856,382.09090909090907,392.7692307692308,400.92857142857144,398.92857142857144,442.53333333333336,334.45454545454544,409.2857142857143,412.6875,397.46153846153845,405.6,407.55555555555554,356.57142857142856,417.1666666666667,373.0,363.54545454545456,371.9166666666667,342.15384615384613,331.14285714285717,401.64285714285717,371.8333333333333,359.1818181818182,369.07142857142856,404.3125,455.09090909090907,430.7692307692308,352.2307692307692,458.7142857142857,355.35714285714283,435.1,413.42857142857144,356.61538461538464,333.2307692307692,351.2307692307692,347.6875,345.64285714285717,397.3333333333333,353.2142857142857,347.8,400.75,360.2,307.38461538461536,350.46153846153845,346.07142857142856,286.0769230769231,363.53846153846155,319.72727272727275,350.5,339.0,355.53846153846155,341.5833333333333,332.9166666666667,356.0,294.3076923076923,341.3636363636364,369.42857142857144,329.38461538461536,318.2857142857143,312.3333333333333,343.42857142857144,348.0833333333333,345.0833333333333,359.5833333333333,340.0769230769231,342.75,338.3636363636364,327.72727272727275,370.61538461538464,358.6363636363636,353.875,358.8333333333333,320.54545454545456,341.53846153846155,346.8181818181818,358.54545454545456,342.26666666666665,319.09090909090907,315.2857142857143,385.9230769230769,352.84615384615387,358.93333333333334,-6.571428571428555,-19.84615384615381,-42.0519480519481,38.51948051948051,-108.07878787878792,1.9555555555555202,8.371212121212125,-12.651515151515127,-78.53846153846155,-56.8131868131868,51.69047619047615,-52.81538461538463,-43.8111888111888,-8.666666666666629,-40.043956043956086,-3.0,-10.636363636363626,-38.28787878787875,-23.175757575757586,-32.166666666666686,9.49450549450546,42.06593406593407,-57.51948051948051,60.442424242424295,71.14545454545458,-44.01010101010098,-0.08333333333337123,71.58741258741259,61.19780219780222,-10.972527472527474,-37.133333333333326,56.15384615384619,21.856060606060566,36.51190476190476,18.698717948717956,-6.71969696969694,31.106060606060566,21.72121212121209,39.84242424242427,-23.392208084313353,17.660931013431018,1,0
1,104,696.5,654.7692307692307,603.0,570.9090909090909,559.9090909090909,556.8181818181819,511.09090909090907,627.3076923076923,571.5384615384615,648.2142857142857,608.3,662.0,666.5,700.0,526.1666666666666,523.8333333333334,549.3571428571429,457.57142857142856,565.4615384615385,482.1818181818182,468.375,441.9375,559.7692307692307,520.5384615384615,490.1666666666667,392.6,441.3076923076923,441.3333333333333,435.44444444444446,490.0,536.1538461538462,541.5333333333333,479.6,431.25,459.8,455.0769230769231,479.2,421.8181818181818,467.7692307692308,489.1111111111111,545.8333333333334,549.5,494.4,535.2666666666667,499.25,538.9230769230769,527.8571428571429,460.38461538461536,509.15384615384613,556.0,432.5,377.6,528.0833333333334,556.5384615384615,466.72727272727275,435.0,593.2857142857143,496.2857142857143,530.0,182.33333333333334,493.15384615384613,546.0,495.0769230769231,550.2307692307693,583.1666666666666,454.46153846153845,594.4666666666667,527.3846153846154,495.09090909090907,588.5454545454545,510.8888888888889,548.6666666666666,441.5,519.4166666666666,496.4166666666667,515.0909090909091,466.14285714285717,465.90909090909093,559.25,577.0,500.0,495.35714285714283,497.9230769230769,525.8181818181819,521.25,404.0,471.53846153846155,503.0,435.1666666666667,496.90909090909093,421.4166666666667,530.3846153846154,562.7692307692307,463.9230769230769,533.4166666666666,490.14285714285717,467.07142857142856,501.72727272727275,514.5,502.46153846153845,-3.0909090909090082,-39.91428571428571,-2.3333333333332575,-13.806818181818187,-97.56666666666666,46.15384615384619,-4.723076923076917,56.722222222222285,39.673076923076906,-123.5,-31.727272727272748,310.8205128205128,-128.70512820512818,-77.65656565656559,18.674242424242436,-77.0,-117.25,-75.49242424242425,-43.27380952380946,-136.59090909090912,91.3961038961038,-82.13333333333333,-41.651515151515184,21.791666666666686,97.39999999999998,-76.35384615384618,34.03418803418799,-46.58333333333337,17.076923076923094,34.22727272727275,-252.66666666666666,90.0128205128205,134.08391608391605,-14.472222222222229,61.90909090909088,21.25,92.90909090909093,111.99999999999994,12.318681318681286,-19.157704722178387,8.497896409146389,1,0
1,105,387.54545454545456,403.46153846153845,421.1875,414.26666666666665,386.3076923076923,367.25,382.5,381.3125,425.1666666666667,419.85714285714283,405.1666666666667,414.53846153846155,400.35714285714283,404.2307692307692,443.46153846153845,354.3076923076923,367.53846153846155,397.6923076923077,371.6923076923077,388.7692307692308,363.90909090909093,391.6,372.5833333333333,402.07142857142856,373.7692307692308,381.7692307692308,354.85714285714283,381.64285714285717,434.54545454545456,410.5,369.0,395.1333333333333,384.54545454545456,411.4375,390.2857142857143,373.8333333333333,393.53333333333336,374.64285714285717,438.6666666666667,395.6363636363636,418.72727272727275,384.0,408.9166666666667,423.25,395.5,374.3333333333333,369.2142857142857,392.75,380.9230769230769,403.07142857142856,385.25,379.90909090909093,357.2,394.6923076923077,371.55555555555554,360.8181818181818,373.3076923076923,373.06666666666666,376.2142857142857,385.84615384615387,369.1666666666667,381.75,351.2142857142857,384.42857142857144,381.0,372.1666666666667,352.9230769230769,360.2857142857143,363.3333333333333,380.5,364.42857142857144,359.875,379.54545454545456,405.5,392.6666666666667,371.7,432.6363636363636,408.3636363636364,419.93333333333334,413.0,326.2857142857143,336.875,392.26666666666665,390.0,370.4166666666667,425.0769230769231,421.46153846153845,470.0,447.0833333333333,386.53846153846155,349.8333333333333,380.2142857142857,370.2,423.42857142857144,383.3333333333333,366.6666666666667,382.57142857142856,398.0,392.1666666666667,380.35714285714283,-19.05769230769232,-14.690476190476147,-89.15384615384613,-24.86013986013984,8.0,-41.5,-16.452380952380963,23.090909090909122,-21.166666666666686,-17.821428571428555,-10.73737373737373,-16.679487179487182,-8.833333333333314,-16.071428571428555,-20.966666666666697,-86.71428571428572,54.66025641025641,-36.70512820512823,-16.66666666666663,-1.2377622377622401,52.60714285714283,38.29487179487177,34.46153846153845,9.860139860139839,28.730769230769226,21.285714285714278,21.80303030303031,-23.227272727272748,28.73809523809524,-13.694444444444457,25.027972027972055,11.833333333333314,8.333333333333314,28.23809523809524,41.30000000000001,44.13095238095241,-38.53846153846155,33.5,13.690476190476147,-19.59609659346501,18.25687617937617,1,0
1,106,288.3333333333333,300.0,325.9166666666667,347.7692307692308,318.1666666666667,314.09090909090907,320.1333333333333,347.09090909090907,314.53333333333336,333.0,298.8888888888889,294.6,327.90909090909093,286.35714285714283,300.72727272727275,327.8,319.35714285714283,315.3,325.1818181818182,344.6666666666667,306.92857142857144,336.15384615384613,321.0769230769231,363.92857142857144,327.75,336.54545454545456,313.2307692307692,366.45454545454544,333.3333333333333,315.46153846153845,345.1666666666667,325.8181818181818,335.15384615384613,329.90909090909093,339.22222222222223,327.4,347.90909090909093,325.5,356.5,344.2307692307692,326.3076923076923,324.0769230769231,365.75,316.9166666666667,321.7692307692308,273.90909090909093,280.25,331.8333333333333,344.2857142857143,351.6363636363636,318.4,326.64285714285717,347.0625,326.7692307692308,349.72727272727275,313.3333333333333,298.7692307692308,353.72727272727275,334.90909090909093,350.45454545454544,309.55555555555554,338.38461538461536,338.75,367.875,327.57142857142856,321.6363636363636,336.8,321.15384615384613,331.0,331.7,284.8333333333333,343.8333333333333,316.92857142857144,310.75,329.15384615384613,317.8888888888889,302.53846153846155,298.7857142857143,353.3333333333333,310.0833333333333,277.4,296.2,319.38461538461536,291.0,308.8666666666667,301.9230769230769,309.1818181818182,299.5833333333333,328.3076923076923,332.72727272727275,299.5833333333333,310.27272727272725,281.7,312.6,305.6363636363636,316.5833333333333,320.53846153846155,354.75,331.0769230769231,326.57142857142856,-4.0757575757576205,-34.111111111111086,27.072727272727263,-37.73809523809524,8.795454545454561,29.705128205128233,-11.822222222222251,-17.923076923076906,-47.86013986013984,-33.23636363636365,-36.393939393939434,-40.898989898989896,-5.935064935064929,-46.866666666666674,-11.264957264957218,-32.68333333333334,-6.943589743589769,-33.143939393939434,10.946969696969688,29.83333333333337,18.909090909090935,1.8383838383838338,16.866666666666674,20.821428571428555,-21.083916083916108,-5.944444444444457,16.83076923076925,-4.538461538461547,77.72727272727269,31.32727272727277,37.121212121212125,18.015873015873012,10.063636363636363,44.32051282051282,-7.8055555555556,31.466666666666697,30.804195804195842,6.053030303030312,9.98809523809524,-17.072471972471977,18.13075313575314,1,0
1,107,376.8333333333333,403.14285714285717,350.64285714285717,365.92857142857144,372.6,382.1111111111111,375.0,358.26666666666665,362.2142857142857,377.84615384615387,374.9230769230769,395.64285714285717,372.0,376.53846153846155,421.2857142857143,362.27272727272725,372.14285714285717,389.0769230769231,412.53333333333336,402.7692307692308,368.22222222222223,412.07142857142856,390.35714285714283,406.0,396.73333333333335,366.15384615384613,391.8333333333333,394.92857142857144,401.46153846153845,378.375,336.0833333333333,337.2142857142857,404.3333333333333,403.0769230769231,381.7857142857143,362.3636363636364,364.35714285714283,371.0,415.5,424.7692307692308,380.3333333333333,409.375,404.8333333333333,412.25,381.4166666666667,415.625,385.7857142857143,373.6363636363636,391.0,399.0769230769231,354.8181818181818,378.73333333333335,359.35714285714283,354.2,377.6666666666667,345.0833333333333,337.15384615384613,331.3636363636364,392.54545454545456,394.92857142857144,351.2857142857143,385.73333333333335,370.6923076923077,401.7,342.5,345.0,381.4,396.8,432.4166666666667,423.26666666666665,362.0769230769231,366.25,354.2142857142857,367.4375,377.15384615384613,321.7692307692308,359.38461538461536,352.14285714285717,399.0769230769231,387.0,373.3636363636364,392.0769230769231,368.61538461538464,373.0,360.72727272727275,377.75,367.1875,376.35714285714283,348.7692307692308,352.46153846153845,365.9,374.85714285714283,367.7692307692308,352.6,374.6666666666667,341.45454545454544,379.1666666666667,364.25,379.1333333333333,375.7692307692308,9.511111111111063,-2.9230769230769624,-59.012987012987026,-34.547008547008545,-30.579487179487217,-42.291666666666686,-19.422077922077904,-44.43589743589746,34.208333333333314,-44.25874125874128,-32.58333333333337,-43.64285714285717,2.5,-61.18974358974356,-55.38461538461536,-13.636363636363626,17.022727272727252,13.438461538461524,-33.21212121212125,-4.233333333333292,-4.264957264957218,46.36263736263737,40.49650349650352,28.51111111111112,12.221153846153868,45.70238095238096,62.4055944055944,1.0833333333333712,-16.548076923076906,22.848484848484873,49.84523809523813,-8.785714285714278,78.26666666666665,15.076923076923038,65.23076923076923,-12.636363636363626,-25.288461538461547,8.766666666666708,34.314685314685335,-23.18101810470233,21.968762071262084,1,0
1,108,335.5,338.0,330.6666666666667,366.09090909090907,366.6923076923077,336.0,375.5,335.3636363636364,324.57142857142856,327.5833333333333,347.1666666666667,316.8,338.38461538461536,369.5,368.25,323.25,342.1,349.0769230769231,352.77777777777777,344.2307692307692,371.92857142857144,411.2,368.1333333333333,369.53846153846155,355.15384615384613,331.45454545454544,358.4166666666667,320.6363636363636,368.72727272727275,390.06666666666666,321.6666666666667,341.2307692307692,352.3076923076923,393.2142857142857,371.7692307692308,332.75,344.0,367.9230769230769,357.2142857142857,359.3333333333333,360.09090909090907,342.8181818181818,340.1818181818182,368.07142857142856,336.4,317.77777777777777,328.7142857142857,333.61538461538464,323.8333333333333,373.5,363.27272727272725,373.9230769230769,364.7692307692308,341.9230769230769,378.6923076923077,330.8181818181818,348.2142857142857,344.0833333333333,353.61538461538464,368.2307692307692,327.2307692307692,330.73333333333335,346.7692307692308,369.54545454545456,387.7857142857143,345.0769230769231,328.75,342.26666666666665,344.75,376.85714285714283,340.8888888888889,346.92857142857144,339.0,363.14285714285717,333.9,313.8181818181818,323.0,368.14285714285717,339.25,376.53333333333336,335.6666666666667,332.7142857142857,328.3076923076923,351.7142857142857,383.5,341.45454545454544,318.6,317.6666666666667,336.57142857142856,341.8333333333333,319.72727272727275,312.0833333333333,354.7142857142857,325.38461538461536,371.6923076923077,349.8181818181818,315.35714285714283,339.35714285714283,338.0,386.6363636363636,-30.69230769230768,19.58333333333337,-45.0,27.69780219780222,-23.699300699300693,-68.39999999999998,-39.019230769230774,0.7575757575757507,-18.622222222222206,-10.227272727272748,-47.874125874125866,-41.0,-42.70879120879118,-35.96825396825392,-20.081818181818164,-40.866666666666674,-42.04545454545456,-22.106060606060566,-21.874125874125866,31.19230769230768,-8.416666666666686,21.083333333333314,20.980769230769226,-16.774725274725313,58.612121212121224,50.10256410256409,26.583333333333314,-23.690909090909088,55.72222222222223,15.419580419580427,37.41258741258741,60.55494505494505,31.78021978021974,-6.988888888888937,62.71515151515155,47.833333333333314,0.37878787878787534,51.96503496503493,36.81818181818181,-26.42878524983787,27.664164169164156,1,0
1,109,427.90909090909093,439.9166666666667,476.14285714285717,462.92857142857144,445.84615384615387,423.2,437.6923076923077,441.6923076923077,415.6923076923077,430.26666666666665,385.27272727272725,402.84615384615387,416.8666666666667,407.6666666666667,423.3636363636364,394.1,447.8181818181818,435.53846153846155,477.0,428.2142857142857,404.6666666666667,451.6923076923077,413.84615384615387,462.46153846153845,487.27272727272725,400.4166666666667,389.0769230769231,436.6666666666667,441.6666666666667,458.9166666666667,375.90909090909093,384.61538461538464,396.0833333333333,414.3333333333333,405.75,400.09090909090907,422.75,387.2307692307692,423.9230769230769,445.6666666666667,407.75,393.57142857142856,437.6666666666667,420.7142857142857,428.92857142857144,390.6363636363636,424.75,433.61538461538464,432.75,421.0,352.27272727272725,350.07142857142856,415.0833333333333,458.9230769230769,448.3,375.2307692307692,382.46153846153845,401.7692307692308,435.38461538461536,401.35714285714283,404.0,407.3076923076923,410.25,434.0,399.9230769230769,396.4166666666667,452.8333333333333,409.07142857142856,403.0,403.9230769230769,373.77777777777777,446.9230769230769,443.22222222222223,427.3333333333333,446.45454545454544,393.14285714285717,384.2,440.125,404.73333333333335,394.64285714285717,356.54545454545456,398.6,436.6363636363636,403.35714285714283,379.2857142857143,386.3333333333333,387.07142857142856,409.6923076923077,413.9375,404.8181818181818,368.1666666666667,403.85714285714283,431.9230769230769,447.15384615384613,438.2307692307692,355.46153846153845,420.7692307692308,408.9230769230769,440.3636363636364,386.54545454545456,-22.64615384615388,-44.9939393939394,-29.26363636363635,-23.547619047619037,-86.85606060606057,-83.00757575757575,-5.659090909090935,-37.916666666666686,-38.29220779220782,-68.72727272727275,-73.06923076923078,2.642857142857167,-3.50641025641022,-30.145299145299134,-53.31168831168827,-38.097402597402606,7.047619047619037,-36.65151515151513,-82.76923076923077,17.937062937062933,7.066666666666663,38.09090909090912,34.1142857142857,82.60606060606057,58.5,29.840909090909065,45.57575757575762,21.178571428571445,30.363636363636374,96.02727272727276,26.126373626373606,-4.076923076923094,7.50641025641022,72.67676767676767,1.5,22.740259740259717,18.4848484848485,70.06410256410254,31.083916083916108,-39.40897494318546,35.370344377844376,1,0
1,110,437.3636363636364,565.8571428571429,502.5625,469.35714285714283,482.9230769230769,445.0833333333333,393.8666666666667,448.6923076923077,491.27272727272725,439.0833333333333,407.84615384615387,425.2307692307692,362.0,427.0,454.1666666666667,425.1666666666667,390.5833333333333,445.6666666666667,433.57142857142856,488.5833333333333,399.77777777777777,392.0,453.3076923076923,410.84615384615387,429.46153846153845,375.125,423.14285714285717,429.8333333333333,435.5833333333333,414.85714285714283,391.4166666666667,407.2,447.72727272727275,415.0,394.5,440.8333333333333,394.06666666666666,421.5833333333333,413.14285714285717,427.0,382.46153846153845,416.9166666666667,374.7692307692308,412.09090909090907,426.75,426.1666666666667,411.5833333333333,390.7857142857143,407.84615384615387,425.38461538461536,402.53846153846155,412.0,379.42857142857144,400.0833333333333,380.61538461538464,430.4166666666667,395.44444444444446,435.38461538461536,459.46153846153845,397.15384615384613,397.1,386.7,460.1818181818182,466.25,398.2857142857143,378.57142857142856,376.4,410.75,468.2307692307692,442.25,407.72727272727275,431.9166666666667,415.3,422.06666666666666,392.90909090909093,408.1818181818182,388.7692307692308,408.72727272727275,448.42857142857144,408.42857142857144,428.5833333333333,410.35714285714283,410.57142857142856,411.5833333333333,365.1666666666667,326.38461538461536,400.09090909090907,364.8333333333333,392.3076923076923,395.61538461538464,385.0,355.9166666666667,345.3333333333333,389.1818181818182,369.7,350.0,349.2,379.1666666666667,407.92857142857144,369.35714285714283,-37.83974358974359,-31.237179487179446,-29.0,-88.80555555555554,-54.33653846153845,-23.440476190476147,46.333333333333314,-44.53846153846155,-0.5833333333333144,-22.84615384615381,49.801282051282044,-0.053846153846109246,-19.714285714285722,-34.52272727272725,15.272727272727252,20.15476190476187,-38.78205128205133,-10.615384615384642,-19.69999999999999,45.55944055944053,-6.0,46.32051282051282,63.41666666666663,29.68376068376068,39.73214285714283,3.0833333333333144,-13.833333333333314,44.28846153846155,-0.7820512820513272,-21.923076923076906,-33.262820512820554,1.1857142857142549,63.678571428571445,-14.818181818181813,0.24675324675325783,-63.41666666666663,69.23076923076928,-15.300000000000011,19.357142857142833,-17.0765069725596,12.822356948606943,1,0
1,111,347.1111111111111,375.14285714285717,369.6,409.14285714285717,400.0,400.0833333333333,380.3333333333333,371.92857142857144,411.2307692307692,406.4,363.9166666666667,338.6666666666667,358.92857142857144,455.3076923076923,369.4166666666667,404.09090909090907,391.92857142857144,356.0,371.92857142857144,369.07142857142856,328.25,398.35714285714283,399.57142857142856,376.2,380.46153846153845,389.5833333333333,376.38461538461536,382.14285714285717,360.1333333333333,380.8333333333333,352.6363636363636,379.0,385.7142857142857,330.4166666666667,354.53333333333336,341.25,378.46666666666664,365.75,393.3,374.0833333333333,329.0,322.375,314.4,346.3333333333333,382.84615384615387,365.9,344.3076923076923,351.85714285714283,333.7857142857143,349.9166666666667,331.5,329.9230769230769,329.8,366.53846153846155,348.6666666666667,348.0,318.0,386.27272727272725,340.61538461538464,365.9230769230769,339.9166666666667,384.72727272727275,368.3076923076923,390.1333333333333,339.7692307692308,350.0,364.2857142857143,368.1666666666667,351.9,342.4166666666667,304.3333333333333,330.8181818181818,358.2857142857143,349.57142857142856,342.4,341.1,345.2142857142857,356.61538461538464,345.7142857142857,336.6923076923077,378.44444444444446,373.84615384615387,310.3636363636364,350.84615384615387,350.35714285714283,331.6363636363636,336.0,353.38461538461536,375.1333333333333,352.64285714285717,329.72727272727275,354.0,347.57142857142856,365.25,334.38461538461536,341.0,356.0833333333333,345.1818181818182,339.61538461538464,344.46666666666664,0.08333333333331439,-42.48333333333329,34.67424242424238,-40.821428571428555,9.121794871794862,-28.19696969696969,-13.28333333333336,-45.083333333333314,-16.94615384615389,-18.416666666666686,-0.6666666666666856,-26.00641025641022,10.230769230769226,-38.08333333333337,-1.2999999999999545,41.75213675213678,-18.720779220779207,-22.91558441558442,6.615384615384642,52.888888888888914,6.316666666666663,5.5,-35.01948051948051,52.21153846153845,-8.75,1.8969696969697338,32.833333333333314,53.84615384615387,-15.983333333333292,17.166666666666686,17.923076923076906,-0.147435897435912,-7.583333333333314,38.06666666666666,-4.4076923076923435,-28.087301587301624,21.00649350649354,4.65734265734261,3.46666666666664,-11.076122707701655,10.39009435009435,1,0
1,112,333.3076923076923,355.90909090909093,360.61538461538464,330.8333333333333,350.0,316.3333333333333,356.5,362.5,364.4,368.7857142857143,338.15384615384613,339.5,357.6923076923077,376.64285714285717,359.53333333333336,333.6666666666667,349.3636363636364,337.2307692307692,354.6923076923077,344.3076923076923,323.54545454545456,353.1333333333333,363.09090909090907,337.5,351.85714285714283,362.4166666666667,342.46666666666664,355.5,341.0,419.61538461538464,338.9230769230769,351.84615384615387,313.0833333333333,364.5,381.3,324.0,328.2,340.0,372.6,363.8666666666667,350.6363636363636,344.85714285714283,370.9230769230769,375.4166666666667,358.53333333333336,338.46153846153845,373.9166666666667,381.1666666666667,367.4166666666667,367.2142857142857,358.7692307692308,335.0,352.6666666666667,342.7692307692308,360.9166666666667,337.61538461538464,358.2307692307692,338.1818181818182,373.5,375.85714285714283,337.5833333333333,339.4,360.38461538461536,326.6666666666667,332.7692307692308,328.53846153846155,361.0,362.0,368.2,361.64285714285717,338.0,335.7142857142857,343.5,363.07142857142856,334.9230769230769,341.7,348.27272727272725,331.0769230769231,378.07142857142856,383.6,320.27272727272725,343.7857142857143,340.1666666666667,342.90909090909093,347.57142857142856,335.27272727272725,334.4166666666667,350.75,355.45454545454544,357.38461538461536,334.15384615384613,337.5,326.06666666666666,346.6923076923077,338.0833333333333,349.1818181818182,339.6923076923077,352.84615384615387,372.75,357.8,-33.666666666666686,-30.631868131868146,-25.866666666666674,-20.76223776223776,10.559523809523853,-80.69230769230774,-57.30000000000001,-13.230303030303048,-20.071794871794907,-8.445054945054949,-23.301282051282044,-38.27380952380952,-4.230769230769226,-23.642857142857167,6.776923076923083,-63.32727272727277,-12.298701298701303,-23.230769230769226,11.098484848484873,16.69230769230768,52.45238095238096,21.379487179487228,10.641025641025635,28.311688311688272,57.198717948717956,42.376923076923106,39.866666666666674,7.896969696969734,28.75274725274727,2.147435897435912,38.24175824175819,-4.814102564102541,33.10439560439562,-3.0769230769230944,41.900000000000034,27.298701298701303,22.111888111888106,3.9294871794871824,8.618181818181824,-23.71249627565418,23.751486846486852,1,0
1,113,411.8888888888889,450.3076923076923,453.38461538461536,448.0,425.9230769230769,426.9,376.38461538461536,414.2857142857143,457.2,435.35714285714283,332.4166666666667,411.6666666666667,405.1333333333333,397.26666666666665,403.26666666666665,410.4166666666667,425.53846153846155,411.0,422.3125,390.8666666666667,386.27272727272725,426.3333333333333,432.73333333333335,405.07142857142856,408.9166666666667,397.84615384615387,443.1818181818182,428.7142857142857,430.4,411.0,363.7142857142857,385.5,412.8,413.7857142857143,382.0,366.5833333333333,357.3333333333333,389.15384615384613,410.6923076923077,379.2,390.2142857142857,405.42857142857144,433.5833333333333,428.61538461538464,408.35714285714283,385.72727272727275,352.0,385.06666666666666,365.46666666666664,385.15384615384613,355.0,370.2142857142857,391.4,368.84615384615387,358.8333333333333,354.1666666666667,365.07142857142856,367.38461538461536,354.84615384615387,349.15384615384613,336.6666666666667,321.5833333333333,339.45454545454544,358.3333333333333,403.90909090909093,377.90909090909093,351.42857142857144,366.15384615384613,335.57142857142856,385.7692307692308,359.25,342.0625,384.5,360.9,414.7142857142857,325.4,322.61538461538464,333.54545454545456,340.0,335.7692307692308,390.0,324.2142857142857,337.25,365.42857142857144,361.46153846153845,356.3333333333333,347.0,364.5833333333333,358.0,392.25,343.0,379.2,366.38461538461536,363.45454545454544,361.9166666666667,360.7692307692308,340.85714285714283,360.53333333333336,391.7692307692308,348.15384615384613,0.9769230769230717,-102.94047619047615,7.150000000000034,-4.593939393939422,-11.070512820512818,-47.28571428571428,-15.416666666666686,11.014285714285734,-22.629870129870085,-30.153846153846132,-4.666666666666629,-12.487179487179446,-26.0,-26.519230769230774,-89.31428571428575,54.230769230769226,-5.128205128205138,-49.25,-1.147435897435912,14.034188034187991,8.457142857142856,70.84999999999997,-19.55000000000001,22.643939393939434,13.153846153846132,18.285714285714278,12.616666666666674,18.14285714285711,-0.573426573426616,3.8333333333333144,-5.012820512820554,67.24242424242425,7.860139860139839,55.46428571428572,10.369230769230796,-28.538461538461547,35.916666666666686,18.916666666666686,-12.615384615384642,-19.74905533063427,15.574850427350418,1,0
1,114,301.1818181818182,367.0,327.0833333333333,342.7692307692308,333.3636363636364,338.8,344.15384615384613,323.4,349.4,336.0,317.8181818181818,306.84615384615387,340.90909090909093,355.5,327.6666666666667,309.1111111111111,335.92857142857144,345.3333333333333,335.7857142857143,356.4,304.1666666666667,323.1666666666667,321.7857142857143,357.53846153846155,378.26666666666665,303.1,355.7692307692308,366.1,350.1818181818182,366.0769230769231,324.7,324.0769230769231,320.25,333.4166666666667,345.1818181818182,351.6,354.14285714285717,349.09090909090907,368.42857142857144,353.2307692307692,311.2307692307692,349.14285714285717,326.0769230769231,318.5833333333333,333.25,294.0,320.9,358.3076923076923,349.6923076923077,341.15384615384613,303.6,338.5,330.84615384615387,330.15384615384613,324.64285714285717,456.5,427.14285714285717,384.3333333333333,406.75,384.2307692307692,459.8333333333333,407.6,401.75,390.9,335.0,326.0,328.15384615384613,311.0,330.5,324.57142857142856,288.6666666666667,308.1666666666667,339.38461538461536,339.2307692307692,345.4,301.3333333333333,316.2857142857143,318.8333333333333,334.8181818181818,332.54545454545456,320.3333333333333,352.3636363636364,318.0,321.0,311.0,384.0833333333333,421.625,381.7692307692308,405.14285714285717,375.4,280.3,297.14285714285717,282.0,316.3333333333333,308.6,295.5833333333333,310.0769230769231,321.3333333333333,321.0,296.4,5.436363636363637,-18.181818181818187,-18.5555555555556,-52.23333333333329,-75.16666666666663,-41.376923076923106,6.418181818181836,-42.0,-39.25,-37.55384615384611,131.85714285714283,75.60256410256409,-9.0,-35.90476190476187,-44.06666666666666,-12.212121212121247,73.08333333333331,-95.09999999999997,-13.016666666666708,32.18181818181819,-2.8000000000000114,9.848484848484873,47.28888888888889,74.09999999999997,62.97692307692307,20.4818181818182,1.6307692307692037,22.019230769230774,47.15384615384613,21.042857142857144,-72.26923076923077,-124.83333333333331,-1.4285714285714448,56.73333333333329,31.212121212121247,-9.333333333333314,-8.683333333333337,28.30000000000001,0.8166666666666629,-12.695830193198614,11.821947774447773,1,0
1,115,421.75,398.85714285714283,443.0,435.92857142857144,443.0,423.7,391.2307692307692,387.64285714285717,386.2,416.4166666666667,385.5,441.0,420.57142857142856,416.45454545454544,456.15384615384613,464.46153846153845,435.9166666666667,504.2307692307692,507.125,468.2142857142857,460.3333333333333,516.9230769230769,476.73333333333335,471.90909090909093,504.75,516.3,501.46666666666664,458.375,428.26666666666665,411.07142857142856,425.5,429.46666666666664,429.64285714285717,421.25,422.125,464.9166666666667,440.7142857142857,419.85714285714283,387.6923076923077,373.25,356.6666666666667,378.38461538461536,393.0833333333333,393.90909090909093,350.0,449.9,399.0,386.4166666666667,472.8666666666667,393.7,397.0769230769231,450.8,428.4166666666667,421.64285714285717,461.1333333333333,410.2,402.3333333333333,394.0833333333333,394.25,441.3,420.6923076923077,441.57142857142856,415.54545454545456,423.27272727272725,420.61538461538464,433.0,501.0,470.0769230769231,488.3076923076923,450.92857142857144,437.54545454545456,480.6,467.4166666666667,431.0,391.25,413.4,380.4166666666667,425.72727272727275,418.5833333333333,387.5,322.2,342.38461538461536,430.6923076923077,450.8,524.9,427.15384615384613,411.7857142857143,481.25,454.0833333333333,450.4,469.85714285714283,503.9230769230769,433.75,473.27272727272725,493.8181818181818,434.4,402.14285714285717,457.6923076923077,494.6,417.8666666666667,-19.30000000000001,-30.916666666666686,8.30769230769232,-7.880952380952408,11.549999999999955,14.428571428571445,42.791666666666686,-16.583333333333314,99.89999999999998,3.376923076923106,-50.93333333333334,-20.607692307692332,12.384615384615358,-13.383116883116884,22.149999999999977,-65.30000000000001,-97.74615384615385,19.457142857142856,-59.418181818181836,21.25,-7.283333333333303,70.65384615384613,3.7527472527472696,44.416666666666686,-105.2285714285714,-3.375,-91.66666666666669,-6.666666666666686,-56.19999999999999,64.05641025641023,31.100000000000023,-0.07692307692303757,17.928571428571445,-46.29545454545456,-25.899999999999977,202.7,23.246153846153845,23.96103896103898,-16.533333333333303,-7.7748852025167885,7.191974275724283,1,0
1,116,366.4166666666667,378.1818181818182,368.53846153846155,373.3076923076923,363.75,366.4166666666667,370.3076923076923,380.06666666666666,383.85714285714283,414.5,345.38461538461536,395.1818181818182,365.09090909090907,377.27272727272725,399.2307692307692,359.3636363636364,349.1,410.61538461538464,362.57142857142856,377.8181818181818,331.6,394.3333333333333,375.4166666666667,368.625,359.8333333333333,388.9,363.8,390.7692307692308,385.9,397.7,340.1,346.0,385.46153846153845,372.8181818181818,383.3333333333333,336.46153846153845,380.84615384615387,364.0,417.1666666666667,364.38461538461536,373.9166666666667,337.6923076923077,364.9166666666667,378.54545454545456,394.38461538461536,369.45454545454544,403.0,394.90909090909093,382.5833333333333,393.9166666666667,366.8,379.93333333333334,399.75,398.3076923076923,400.8181818181818,349.1666666666667,359.54545454545456,373.84615384615387,336.625,376.5,315.77777777777777,358.35714285714283,374.2857142857143,404.3,390.0833333333333,333.7,348.0625,378.72727272727275,360.44444444444446,390.3333333333333,366.5,380.77777777777777,388.7857142857143,392.7142857142857,377.9166666666667,361.1111111111111,372.5,351.85714285714283,356.6666666666667,387.1111111111111,339.3076923076923,361.7142857142857,389.3636363636364,394.53846153846155,385.73333333333335,344.5,324.2142857142857,354.3076923076923,331.55555555555554,422.375,384.6666666666667,385.92857142857144,397.2142857142857,375.1666666666667,352.84615384615387,300.6,390.0,365.25,367.0,387.5,2.6666666666666856,-69.11538461538464,-39.86713286713285,-46.21818181818179,29.066666666666663,-57.599999999999966,-46.87179487179486,9.532051282051327,-24.93006993006992,-27.116666666666674,-51.65151515151513,-60.72222222222223,-56.383333333333326,-23.833333333333314,-16.8055555555556,-47.803418803418765,-41.23333333333335,-37.708333333333314,-52.246153846153845,-2.6666666666666856,48.083333333333314,53.84615384615387,18.45454545454544,28.23333333333329,8.800000000000011,43.23333333333329,27.923076923076906,20.467948717948673,24.462121212121247,34.0181818181818,27.333333333333314,74.30555555555554,56.633333333333326,11.416666666666686,26.0,46.42564102564103,77.875,-31.820512820512818,86.89999999999998,-34.67584447716026,33.99621891996891,1,0
1,117,457.27272727272725,456.92857142857144,494.38461538461536,452.53846153846155,473.0769230769231,447.46153846153845,434.0,449.2857142857143,448.55555555555554,410.9230769230769,463.4166666666667,438.0625,455.5,442.45454545454544,400.6363636363636,466.3636363636364,490.7142857142857,491.14285714285717,480.75,458.38461538461536,423.6363636363636,381.46666666666664,443.14285714285717,468.85714285714283,455.25,513.6666666666666,449.2857142857143,463.3333333333333,470.8,423.38461538461536,410.09090909090907,472.7857142857143,479.6923076923077,517.0,468.5833333333333,461.0833333333333,456.61538461538464,468.1818181818182,506.38461538461536,447.85714285714283,488.1111111111111,490.0,492.2142857142857,507.7692307692308,423.6,452.5,482.9230769230769,470.8333333333333,455.2142857142857,432.8181818181818,408.46153846153845,442.7142857142857,401.85714285714283,461.54545454545456,479.3333333333333,485.7,416.0769230769231,426.0769230769231,490.7857142857143,467.8,434.72727272727275,391.625,461.8,435.0769230769231,449.07142857142856,486.9230769230769,471.8666666666667,407.5833333333333,459.2307692307692,450.7857142857143,445.6923076923077,474.54545454545456,428.4166666666667,481.15384615384613,443.9230769230769,388.53846153846155,434.3,474.90909090909093,396.0769230769231,460.3125,395.75,410.2142857142857,433.73333333333335,496.5833333333333,464.07142857142856,432.8181818181818,449.46153846153845,436.3333333333333,460.5,430.9166666666667,469.4166666666667,457.4,439.53846153846155,517.0666666666667,459.2307692307692,443.27272727272725,407.8,418.7857142857143,434.90909090909093,444.27272727272725,-25.61538461538464,52.49358974358978,65.72727272727275,-34.74825174825173,58.41666666666663,-13.293706293706293,-7.5,40.25396825396825,28.899999999999977,-24.35664335664336,6.366666666666674,-33.07272727272726,37.85164835164835,-5.093406593406598,-55.38461538461536,-64.5625,-31.253246753246742,38.5,-15.958041958041974,15.804195804195842,-36.53846153846155,-62.78030303030306,-7.979020979021016,31.613636363636374,-90.28205128205127,58.49242424242425,-13.226190476190482,-64.51111111111106,-19.681818181818187,70.87179487179486,-17.899999999999977,14.344155844155807,-36.13736263736263,-1.7692307692307736,71.77403846153845,68.32142857142856,-1.9015151515151274,-10.18589743589746,1.0,0.9300678123046552,-1.5335644216894224,0,1
1,118,394.7,354.75,342.7857142857143,337.9,398.6666666666667,342.3333333333333,371.06666666666666,354.3125,349.2,368.38461538461536,356.38461538461536,331.6,369.9230769230769,341.0,358.1111111111111,325.5,341.46153846153845,362.42857142857144,373.4,348.4,347.2,373.0,356.0833333333333,341.07142857142856,347.61538461538464,321.2307692307692,330.5,349.8181818181818,350.0,338.6666666666667,341.61538461538464,337.2857142857143,384.35714285714283,368.61538461538464,344.53846153846155,316.3636363636364,360.09090909090907,305.84615384615387,329.5833333333333,348.3636363636364,319.5833333333333,344.6923076923077,329.15384615384613,352.7692307692308,352.0769230769231,311.27272727272725,329.7142857142857,342.0833333333333,343.61538461538464,341.3076923076923,326.5,365.9166666666667,339.0,355.2307692307692,332.9230769230769,321.7692307692308,335.75,306.1666666666667,334.3,350.4166666666667,313.46153846153845,319.0,310.7857142857143,338.54545454545456,301.0,297.5,319.44444444444446,344.46153846153845,338.54545454545456,355.0833333333333,288.6923076923077,321.0,347.0,304.6923076923077,348.2307692307692,299.2307692307692,336.3333333333333,287.57142857142856,342.5,327.8,291.1666666666667,314.72727272727275,317.875,332.15384615384613,349.7857142857143,301.3636363636364,311.53333333333336,320.2307692307692,351.5,328.92857142857144,342.09090909090907,349.7142857142857,318.53846153846155,342.72727272727275,331.9230769230769,346.0,354.5,346.7857142857143,350.6666666666667,365.75,-56.33333333333337,-12.0,-32.611111111111086,-1.1999999999999886,-26.384615384615415,2.948717948717956,-28.174825174825173,-28.78030303030306,-40.80419580419584,-14.80769230769232,-11.153846153846132,-36.95512820512823,-3.5,-66.39102564102564,-49.0,-36.633333333333326,-48.422077922077904,13.16233766233762,14.076923076923094,3.966666666666697,26.051282051282044,1.7264957264957275,22.899999999999977,0.415384615384653,17.43589743589746,2.9230769230769056,32.0,32.49358974358978,30.03496503496507,6.423076923076906,28.647435897435912,-12.461538461538453,57.583333333333314,59.53846153846155,28.569230769230785,58.61904761904759,27.56493506493507,-10.16783216783216,19.75,-24.366500458605728,21.700675435675443,1,0
1,119,405.22222222222223,348.35714285714283,385.57142857142856,366.1333333333333,394.2,379.25,383.07142857142856,408.2,388.92857142857144,426.61538461538464,339.0,375.5,376.9230769230769,392.2,388.8333333333333,358.25,355.53846153846155,365.3,395.4,396.35714285714283,422.46153846153845,415.7142857142857,389.0769230769231,426.2142857142857,399.92857142857144,362.0,339.0,393.1666666666667,419.92857142857144,405.0,361.61538461538464,368.46153846153845,361.1875,396.06666666666666,384.6,361.72727272727275,367.6923076923077,406.84615384615387,399.64285714285717,397.07142857142856,353.45454545454544,420.6666666666667,405.8181818181818,400.75,437.92857142857144,355.5833333333333,378.7142857142857,397.2307692307692,373.7142857142857,404.64285714285717,402.1111111111111,379.75,396.4,363.375,407.8181818181818,379.1111111111111,415.7142857142857,417.6363636363636,405.7142857142857,393.7857142857143,353.7857142857143,368.53846153846155,414.07142857142856,396.7692307692308,380.8666666666667,353.6666666666667,379.46666666666664,364.26666666666665,430.15384615384613,399.5,356.25,347.5833333333333,362.53846153846155,427.6666666666667,424.0833333333333,344.72727272727275,416.46153846153845,393.5,423.35714285714283,407.3636363636364,387.0833333333333,418.64285714285717,441.27272727272725,427.0769230769231,412.1818181818182,370.3,383.0,366.2307692307692,446.92857142857144,408.64285714285717,364.90909090909093,341.6,367.46666666666664,398.3076923076923,435.38461538461536,363.0,338.3333333333333,400.72727272727275,375.75,372.3333333333333,-14.949999999999989,-87.61538461538464,-30.583333333333314,26.10439560439562,-37.928571428571445,-43.38461538461536,-22.872727272727275,-43.616883116883116,-82.34523809523813,-2.5317460317460814,-28.707070707070727,-40.0,-27.19999999999999,-43.25,-79.35606060606057,-20.28030303030306,-41.881818181818176,-43.73376623376623,-72.38461538461536,-11.02222222222224,47.36538461538464,49.833333333333314,38.10714285714283,-22.532967032967008,43.0,22.98461538461538,35.34415584415581,84.474025974026,49.05952380952385,5.707070707070727,14.674603174603192,27.080952380952397,45.833333333333314,67.83333333333331,62.636363636363626,25.098484848484873,38.342857142857156,70.47552447552442,9.333333333333314,-38.764091464091464,35.18144244644244,1,0
1,120,370.22222222222223,348.6666666666667,337.1666666666667,317.7692307692308,347.46153846153845,331.72727272727275,307.0,301.73333333333335,312.07142857142856,311.75,317.3636363636364,308.75,345.14285714285717,306.9230769230769,321.8181818181818,307.6666666666667,307.5833333333333,311.5833333333333,338.85714285714283,344.5,325.1666666666667,354.53846153846155,309.5,347.53846153846155,322.6363636363636,315.77777777777777,326.42857142857144,366.57142857142856,332.46153846153845,352.53846153846155,287.54545454545456,320.0,356.2,369.2307692307692,336.15384615384613,307.0,323.2142857142857,315.92857142857144,367.4,317.1666666666667,307.72727272727275,354.84615384615387,334.6923076923077,353.90909090909093,314.125,311.90909090909093,307.125,318.92857142857144,335.42857142857144,284.42857142857144,325.5,312.84615384615387,300.46153846153845,316.15384615384613,324.8333333333333,282.2,288.0,312.8,299.61538461538464,312.5,284.8181818181818,292.3333333333333,301.0,312.3333333333333,322.0769230769231,304.55555555555554,298.5,292.7857142857143,319.7692307692308,317.4166666666667,292.27272727272725,297.75,297.54545454545456,309.1333333333333,286.375,300.8181818181818,277.61538461538464,321.7857142857143,301.25,332.9230769230769,310.0,317.14285714285717,338.9230769230769,317.35714285714283,341.8333333333333,291.3333333333333,295.61538461538464,327.26666666666665,324.6666666666667,305.6923076923077,299.3076923076923,307.6923076923077,315.3333333333333,324.84615384615387,298.07142857142856,255.6,322.6666666666667,336.6923076923077,303.61538461538464,338.0833333333333,-15.734265734265705,5.613636363636374,-14.151515151515127,-19.333333333333314,-6.858585858585855,-64.99300699300699,-29.153846153846132,-9.439393939393938,-2.215909090909065,41.071428571428555,-42.633333333333326,-27.681818181818187,-17.52136752136755,-25.143939393939434,14.443181818181813,-22.923076923076906,-50.5,-6.384615384615358,-42.47142857142856,-22.760683760683776,-19.977272727272748,4.454545454545439,36.833333333333314,-2.5303030303030596,36.760683760683776,48.60839160839157,10.166666666666686,6.397727272727252,-27.48051948051949,-0.6666666666666856,30.30000000000001,37.25874125874128,12.861111111111143,-5.897727272727252,32.10489510489509,31.833333333333314,14.358974358974365,-1.2362637362637656,82.48333333333332,-17.684799411115197,15.193614996114992,1,0
1,121,311.90909090909093,340.15384615384613,348.4375,360.53846153846155,358.0,325.9166666666667,361.0769230769231,347.9166666666667,346.6363636363636,338.25,326.7,331.5,339.0,340.53846153846155,357.27272727272725,356.72727272727275,425.1666666666667,384.85714285714283,394.125,377.57142857142856,330.75,316.5,350.3,393.6,368.9166666666667,285.8181818181818,337.3076923076923,378.0,350.0,330.8888888888889,333.3636363636364,335.72727272727275,389.7,356.9,379.6666666666667,359.5,390.84615384615387,361.57142857142856,322.0,353.8,354.0,356.0,322.45454545454544,362.7142857142857,351.1,300.75,354.5,342.2307692307692,368.0,357.4166666666667,323.3333333333333,372.46153846153845,428.0,399.3333333333333,400.90909090909093,309.0833333333333,307.1666666666667,336.0833333333333,375.7142857142857,341.61538461538464,304.25,355.1818181818182,355.1666666666667,329.6,361.3333333333333,308.8,338.2,328.7692307692308,368.0,370.2142857142857,332.5,335.9166666666667,369.7142857142857,371.53846153846155,362.3333333333333,324.90909090909093,353.2857142857143,371.92857142857144,359.85714285714283,362.2307692307692,335.2,351.93333333333334,345.7142857142857,333.42857142857144,338.7142857142857,329.46153846153845,301.90909090909093,307.25,348.5,344.0,296.2307692307692,307.1818181818182,314.38461538461536,315.14285714285717,356.0,310.54545454545456,326.09090909090907,346.7142857142857,388.3636363636364,329.5,-32.083333333333314,-11.550000000000011,-0.5454545454545041,-46.821428571428555,-83.09848484848487,2.47474747474746,-20.166666666666686,0.19999999999998863,-50.35000000000002,-34.08333333333337,-91.82575757575762,-37.36538461538464,-52.5333333333333,-37.71428571428572,-37.42424242424238,-27.030769230769238,-9.25274725274727,-47.769230769230774,-45.45454545454544,46.090909090909065,12.333333333333314,30.572727272727263,20.844155844155807,38.166666666666686,45.0707070707071,46.30303030303031,-5.699999999999989,-2.8999999999999773,56.666666666666686,77.57575757575762,32.53205128205133,57.083333333333314,61.41428571428571,29.833333333333314,37.32167832167829,3.5142857142857338,14.538461538461547,59.769230769230774,18.95454545454544,-34.86285527338159,33.99925796425797,1,0
1,122,502.375,453.25,417.06666666666666,384.42857142857144,383.09090909090907,420.6666666666667,434.8333333333333,431.53846153846155,401.57142857142856,441.9166666666667,389.0,438.5,473.27272727272725,453.26666666666665,438.4,428.44444444444446,409.25,429.46666666666664,408.9166666666667,402.5,408.55555555555554,363.5833333333333,379.8125,365.5,395.3,406.27272727272725,379.75,382.38461538461536,379.2857142857143,323.3076923076923,397.90909090909093,408.7857142857143,375.3636363636364,379.3333333333333,403.85714285714283,403.90909090909093,395.6923076923077,424.25,452.85714285714283,432.2142857142857,378.5833333333333,389.9230769230769,393.8181818181818,400.84615384615387,401.1333333333333,367.1666666666667,387.0833333333333,371.5833333333333,389.0,390.3333333333333,442.1,427.72727272727275,448.4166666666667,430.7692307692308,394.5,368.0833333333333,355.0,381.92857142857144,392.5,404.2,405.3,397.5,385.1333333333333,383.42857142857144,399.0625,354.09090909090907,386.07142857142856,411.5,397.42857142857144,401.85714285714283,409.6363636363636,395.84615384615387,376.2307692307692,372.26666666666665,393.4,367.25,363.5,380.07142857142856,369.64285714285717,413.46666666666664,376.9,356.7857142857143,403.46153846153845,326.7857142857143,359.5,389.9166666666667,409.6,380.46153846153845,349.90909090909093,379.46153846153845,386.8333333333333,418.25,359.0,368.0,412.57142857142856,365.72727272727275,324.61538461538464,353.2857142857143,362.0,342.3076923076923,37.57575757575762,-52.916666666666686,-9.95555555555552,6.055555555555543,10.97272727272724,74.60139860139861,0.05194805194810215,-53.63095238095241,-33.96666666666664,51.76666666666671,-26.416666666666686,1.1000000000000227,-44.971590909090935,7.779220779220793,-26.149999999999977,-36.56666666666666,30.416666666666686,7.371794871794862,-46.84415584415581,-119.28409090909093,21.25,49.39999999999998,-25.944444444444457,-13.255555555555532,-82.96503496503493,5.948051948051898,28.305194805194787,22.55000000000001,23.16666666666663,-47.60000000000002,36.116666666666674,-6.237500000000011,47.76623376623377,-16.23636363636365,46.21666666666664,-17.399999999999977,-10.455128205128233,25.73809523809524,-23.419580419580427,-5.459325542878164,-2.8170061188811273,1,1
